Match_ID,Stage,Matchup,Score_Line,Probability_Pct
M73,Round of 32,germany vs paraguay,germany 1 - 0 paraguay,16.99
M73,Round of 32,germany vs paraguay,germany 2 - 0 paraguay,14.04
M73,Round of 32,germany vs paraguay,germany 2 - 1 paraguay,11.87
M73,Round of 32,germany vs paraguay,germany 1 - 1 paraguay,8.96
M73,Round of 32,germany vs paraguay,germany 3 - 0 paraguay,8.5
M73,Round of 32,germany vs paraguay,germany 3 - 1 paraguay,7.13
M73,Round of 32,germany vs paraguay,germany 0 - 0 paraguay,6.79
M73,Round of 32,germany vs paraguay,germany 4 - 0 paraguay,4.09
M73,Round of 32,germany vs paraguay,germany 2 - 2 paraguay,3.44
M73,Round of 32,germany vs paraguay,germany 4 - 1 paraguay,3.42
M73,Round of 32,germany vs paraguay,germany 3 - 2 paraguay,3.25
M73,Round of 32,germany vs paraguay,germany 5 - 0 paraguay,1.68
M73,Round of 32,germany vs paraguay,germany 4 - 2 paraguay,1.56
M73,Round of 32,germany vs paraguay,germany 5 - 1 paraguay,1.41
M73,Round of 32,germany vs paraguay,germany 0 - 1 paraguay,0.97
M73,Round of 32,germany vs paraguay,germany 3 - 3 paraguay,0.72
M73,Round of 32,germany vs paraguay,germany 1 - 2 paraguay,0.7
M73,Round of 32,germany vs paraguay,germany 5 - 2 paraguay,0.68
M73,Round of 32,germany vs paraguay,germany 6 - 0 paraguay,0.59
M73,Round of 32,germany vs paraguay,germany 6 - 1 paraguay,0.52
M73,Round of 32,germany vs paraguay,germany 4 - 3 paraguay,0.47
M73,Round of 32,germany vs paraguay,germany 0 - 2 paraguay,0.43
M73,Round of 32,germany vs paraguay,germany 6 - 2 paraguay,0.24
M73,Round of 32,germany vs paraguay,germany 2 - 3 paraguay,0.2
M73,Round of 32,germany vs paraguay,germany 7 - 0 paraguay,0.19
M73,Round of 32,germany vs paraguay,germany 5 - 3 paraguay,0.18
M73,Round of 32,germany vs paraguay,germany 1 - 3 paraguay,0.17
M73,Round of 32,germany vs paraguay,germany 7 - 1 paraguay,0.16
M73,Round of 32,germany vs paraguay,germany 0 - 3 paraguay,0.14
M73,Round of 32,germany vs paraguay,germany 4 - 4 paraguay,0.08
M73,Round of 32,germany vs paraguay,germany 6 - 3 paraguay,0.08
M73,Round of 32,germany vs paraguay,germany 7 - 2 paraguay,0.07
M73,Round of 32,germany vs paraguay,germany 1 - 4 paraguay,0.05
M73,Round of 32,germany vs paraguay,germany 5 - 4 paraguay,0.05
M73,Round of 32,germany vs paraguay,germany 2 - 4 paraguay,0.04
M73,Round of 32,germany vs paraguay,germany 0 - 4 paraguay,0.04
M73,Round of 32,germany vs paraguay,germany 7 - 3 paraguay,0.03
M73,Round of 32,germany vs paraguay,germany 3 - 4 paraguay,0.03
M73,Round of 32,germany vs paraguay,germany 6 - 4 paraguay,0.02
M73,Round of 32,germany vs paraguay,germany 1 - 5 paraguay,0.01
M73,Round of 32,germany vs paraguay,germany 5 - 5 paraguay,0.01
M73,Round of 32,germany vs paraguay,germany 0 - 5 paraguay,0.01
M73,Round of 32,germany vs paraguay,germany 2 - 5 paraguay,0.01
M73,Round of 32,germany vs paraguay,germany 7 - 4 paraguay,0.01
M73,Round of 32,germany vs paraguay,germany 6 - 5 paraguay,0.0
M73,Round of 32,germany vs paraguay,germany 0 - 6 paraguay,0.0
M73,Round of 32,germany vs paraguay,germany 2 - 6 paraguay,0.0
M73,Round of 32,germany vs paraguay,germany 4 - 5 paraguay,0.0
M73,Round of 32,germany vs paraguay,germany 2 - 7 paraguay,0.0
M73,Round of 32,germany vs paraguay,germany 3 - 5 paraguay,0.0
M73,Round of 32,germany vs paraguay,germany 1 - 6 paraguay,0.0
M73,Round of 32,germany vs paraguay,germany 1 - 7 paraguay,0.0
M74,Round of 32,france vs sweden,france 1 - 0 sweden,22.11
M74,Round of 32,france vs sweden,france 2 - 0 sweden,18.68
M74,Round of 32,france vs sweden,france 2 - 1 sweden,11.74
M74,Round of 32,france vs sweden,france 3 - 0 sweden,11.23
M74,Round of 32,france vs sweden,france 3 - 1 sweden,7.13
M74,Round of 32,france vs sweden,france 4 - 0 sweden,5.54
M74,Round of 32,france vs sweden,france 0 - 0 sweden,3.93
M74,Round of 32,france vs sweden,france 1 - 1 sweden,3.82
M74,Round of 32,france vs sweden,france 4 - 1 sweden,3.46
M74,Round of 32,france vs sweden,france 3 - 2 sweden,2.42
M74,Round of 32,france vs sweden,france 5 - 0 sweden,2.3
M74,Round of 32,france vs sweden,france 5 - 1 sweden,1.48
M74,Round of 32,france vs sweden,france 4 - 2 sweden,1.17
M74,Round of 32,france vs sweden,france 2 - 2 sweden,1.08
M74,Round of 32,france vs sweden,france 6 - 0 sweden,0.88
M74,Round of 32,france vs sweden,france 5 - 2 sweden,0.52
M74,Round of 32,france vs sweden,france 6 - 1 sweden,0.52
M74,Round of 32,france vs sweden,france 4 - 3 sweden,0.29
M74,Round of 32,france vs sweden,france 7 - 0 sweden,0.27
M74,Round of 32,france vs sweden,france 0 - 1 sweden,0.27
M74,Round of 32,france vs sweden,france 6 - 2 sweden,0.2
M74,Round of 32,france vs sweden,france 7 - 1 sweden,0.18
M74,Round of 32,france vs sweden,france 3 - 3 sweden,0.16
M74,Round of 32,france vs sweden,france 5 - 3 sweden,0.12
M74,Round of 32,france vs sweden,france 1 - 2 sweden,0.11
M74,Round of 32,france vs sweden,france 7 - 2 sweden,0.08
M74,Round of 32,france vs sweden,france 0 - 2 sweden,0.08
M74,Round of 32,france vs sweden,france 6 - 3 sweden,0.05
M74,Round of 32,france vs sweden,france 1 - 3 sweden,0.03
M74,Round of 32,france vs sweden,france 2 - 3 sweden,0.03
M74,Round of 32,france vs sweden,france 5 - 4 sweden,0.02
M74,Round of 32,france vs sweden,france 0 - 3 sweden,0.02
M74,Round of 32,france vs sweden,france 7 - 3 sweden,0.02
M74,Round of 32,france vs sweden,france 6 - 4 sweden,0.01
M74,Round of 32,france vs sweden,france 4 - 4 sweden,0.01
M74,Round of 32,france vs sweden,france 1 - 4 sweden,0.01
M74,Round of 32,france vs sweden,france 2 - 4 sweden,0.01
M74,Round of 32,france vs sweden,france 3 - 4 sweden,0.0
M74,Round of 32,france vs sweden,france 0 - 4 sweden,0.0
M74,Round of 32,france vs sweden,france 7 - 4 sweden,0.0
M74,Round of 32,france vs sweden,france 6 - 5 sweden,0.0
M74,Round of 32,france vs sweden,france 0 - 5 sweden,0.0
M74,Round of 32,france vs sweden,france 1 - 5 sweden,0.0
M74,Round of 32,france vs sweden,france 6 - 6 sweden,0.0
M74,Round of 32,france vs sweden,france 1 - 6 sweden,0.0
M74,Round of 32,france vs sweden,france 7 - 5 sweden,0.0
M74,Round of 32,france vs sweden,france 5 - 5 sweden,0.0
M75,Round of 32,canada vs south africa,canada 1 - 0 south africa,25.08
M75,Round of 32,canada vs south africa,canada 0 - 0 south africa,16.03
M75,Round of 32,canada vs south africa,canada 0 - 1 south africa,13.09
M75,Round of 32,canada vs south africa,canada 2 - 0 south africa,10.24
M75,Round of 32,canada vs south africa,canada 1 - 1 south africa,8.1
M75,Round of 32,canada vs south africa,canada 2 - 1 south africa,6.88
M75,Round of 32,canada vs south africa,canada 0 - 2 south africa,4.85
M75,Round of 32,canada vs south africa,canada 1 - 2 south africa,3.56
M75,Round of 32,canada vs south africa,canada 3 - 0 south africa,2.99
M75,Round of 32,canada vs south africa,canada 3 - 1 south africa,2.06
M75,Round of 32,canada vs south africa,canada 0 - 3 south africa,1.27
M75,Round of 32,canada vs south africa,canada 2 - 2 south africa,1.21
M75,Round of 32,canada vs south africa,canada 1 - 3 south africa,0.94
M75,Round of 32,canada vs south africa,canada 3 - 2 south africa,0.77
M75,Round of 32,canada vs south africa,canada 4 - 0 south africa,0.69
M75,Round of 32,canada vs south africa,canada 4 - 1 south africa,0.45
M75,Round of 32,canada vs south africa,canada 2 - 3 south africa,0.41
M75,Round of 32,canada vs south africa,canada 0 - 4 south africa,0.27
M75,Round of 32,canada vs south africa,canada 1 - 4 south africa,0.19
M75,Round of 32,canada vs south africa,canada 4 - 2 south africa,0.17
M75,Round of 32,canada vs south africa,canada 5 - 0 south africa,0.16
M75,Round of 32,canada vs south africa,canada 5 - 1 south africa,0.11
M75,Round of 32,canada vs south africa,canada 3 - 3 south africa,0.09
M75,Round of 32,canada vs south africa,canada 2 - 4 south africa,0.08
M75,Round of 32,canada vs south africa,canada 4 - 3 south africa,0.05
M75,Round of 32,canada vs south africa,canada 5 - 2 south africa,0.04
M75,Round of 32,canada vs south africa,canada 0 - 5 south africa,0.04
M75,Round of 32,canada vs south africa,canada 1 - 5 south africa,0.03
M75,Round of 32,canada vs south africa,canada 3 - 4 south africa,0.03
M75,Round of 32,canada vs south africa,canada 6 - 0 south africa,0.03
M75,Round of 32,canada vs south africa,canada 6 - 1 south africa,0.02
M75,Round of 32,canada vs south africa,canada 2 - 5 south africa,0.01
M75,Round of 32,canada vs south africa,canada 0 - 6 south africa,0.01
M75,Round of 32,canada vs south africa,canada 5 - 3 south africa,0.01
M75,Round of 32,canada vs south africa,canada 7 - 0 south africa,0.01
M75,Round of 32,canada vs south africa,canada 6 - 2 south africa,0.0
M75,Round of 32,canada vs south africa,canada 2 - 6 south africa,0.0
M75,Round of 32,canada vs south africa,canada 7 - 1 south africa,0.0
M75,Round of 32,canada vs south africa,canada 4 - 4 south africa,0.0
M75,Round of 32,canada vs south africa,canada 3 - 5 south africa,0.0
M75,Round of 32,canada vs south africa,canada 4 - 5 south africa,0.0
M75,Round of 32,canada vs south africa,canada 1 - 6 south africa,0.0
M75,Round of 32,canada vs south africa,canada 5 - 4 south africa,0.0
M75,Round of 32,canada vs south africa,canada 7 - 4 south africa,0.0
M75,Round of 32,canada vs south africa,canada 7 - 2 south africa,0.0
M75,Round of 32,canada vs south africa,canada 1 - 7 south africa,0.0
M75,Round of 32,canada vs south africa,canada 6 - 3 south africa,0.0
M75,Round of 32,canada vs south africa,canada 3 - 6 south africa,0.0
M76,Round of 32,morocco vs netherlands,morocco 0 - 1 netherlands,18.96
M76,Round of 32,morocco vs netherlands,morocco 0 - 0 netherlands,16.15
M76,Round of 32,morocco vs netherlands,morocco 1 - 1 netherlands,14.07
M76,Round of 32,morocco vs netherlands,morocco 0 - 2 netherlands,10.6
M76,Round of 32,morocco vs netherlands,morocco 1 - 2 netherlands,9.04
M76,Round of 32,morocco vs netherlands,morocco 1 - 0 netherlands,5.32
M76,Round of 32,morocco vs netherlands,morocco 0 - 3 netherlands,4.19
M76,Round of 32,morocco vs netherlands,morocco 1 - 3 netherlands,3.65
M76,Round of 32,morocco vs netherlands,morocco 2 - 2 netherlands,3.62
M76,Round of 32,morocco vs netherlands,morocco 2 - 1 netherlands,2.48
M76,Round of 32,morocco vs netherlands,morocco 2 - 0 netherlands,2.39
M76,Round of 32,morocco vs netherlands,morocco 2 - 3 netherlands,1.7
M76,Round of 32,morocco vs netherlands,morocco 0 - 4 netherlands,1.39
M76,Round of 32,morocco vs netherlands,morocco 1 - 4 netherlands,1.18
M76,Round of 32,morocco vs netherlands,morocco 3 - 1 netherlands,0.83
M76,Round of 32,morocco vs netherlands,morocco 3 - 0 netherlands,0.83
M76,Round of 32,morocco vs netherlands,morocco 2 - 4 netherlands,0.52
M76,Round of 32,morocco vs netherlands,morocco 3 - 2 netherlands,0.49
M76,Round of 32,morocco vs netherlands,morocco 3 - 3 netherlands,0.49
M76,Round of 32,morocco vs netherlands,morocco 0 - 5 netherlands,0.35
M76,Round of 32,morocco vs netherlands,morocco 1 - 5 netherlands,0.3
M76,Round of 32,morocco vs netherlands,morocco 4 - 1 netherlands,0.24
M76,Round of 32,morocco vs netherlands,morocco 4 - 0 netherlands,0.19
M76,Round of 32,morocco vs netherlands,morocco 3 - 4 netherlands,0.16
M76,Round of 32,morocco vs netherlands,morocco 2 - 5 netherlands,0.15
M76,Round of 32,morocco vs netherlands,morocco 4 - 2 netherlands,0.14
M76,Round of 32,morocco vs netherlands,morocco 0 - 6 netherlands,0.09
M76,Round of 32,morocco vs netherlands,morocco 1 - 6 netherlands,0.08
M76,Round of 32,morocco vs netherlands,morocco 5 - 1 netherlands,0.05
M76,Round of 32,morocco vs netherlands,morocco 3 - 5 netherlands,0.04
M76,Round of 32,morocco vs netherlands,morocco 5 - 0 netherlands,0.04
M76,Round of 32,morocco vs netherlands,morocco 4 - 3 netherlands,0.04
M76,Round of 32,morocco vs netherlands,morocco 2 - 6 netherlands,0.04
M76,Round of 32,morocco vs netherlands,morocco 4 - 4 netherlands,0.03
M76,Round of 32,morocco vs netherlands,morocco 5 - 2 netherlands,0.03
M76,Round of 32,morocco vs netherlands,morocco 0 - 7 netherlands,0.02
M76,Round of 32,morocco vs netherlands,morocco 1 - 7 netherlands,0.02
M76,Round of 32,morocco vs netherlands,morocco 4 - 5 netherlands,0.01
M76,Round of 32,morocco vs netherlands,morocco 5 - 3 netherlands,0.01
M76,Round of 32,morocco vs netherlands,morocco 3 - 6 netherlands,0.01
M76,Round of 32,morocco vs netherlands,morocco 6 - 1 netherlands,0.01
M76,Round of 32,morocco vs netherlands,morocco 6 - 0 netherlands,0.01
M76,Round of 32,morocco vs netherlands,morocco 2 - 7 netherlands,0.01
M76,Round of 32,morocco vs netherlands,morocco 5 - 4 netherlands,0.01
M76,Round of 32,morocco vs netherlands,morocco 6 - 2 netherlands,0.01
M76,Round of 32,morocco vs netherlands,morocco 7 - 2 netherlands,0.0
M76,Round of 32,morocco vs netherlands,morocco 3 - 7 netherlands,0.0
M76,Round of 32,morocco vs netherlands,morocco 7 - 0 netherlands,0.0
M76,Round of 32,morocco vs netherlands,morocco 5 - 5 netherlands,0.0
M76,Round of 32,morocco vs netherlands,morocco 4 - 6 netherlands,0.0
M76,Round of 32,morocco vs netherlands,morocco 5 - 6 netherlands,0.0
M76,Round of 32,morocco vs netherlands,morocco 7 - 1 netherlands,0.0
M76,Round of 32,morocco vs netherlands,morocco 4 - 7 netherlands,0.0
M76,Round of 32,morocco vs netherlands,morocco 6 - 4 netherlands,0.0
M77,Round of 32,croatia vs portugal,croatia 0 - 1 portugal,17.01
M77,Round of 32,croatia vs portugal,croatia 1 - 1 portugal,12.31
M77,Round of 32,croatia vs portugal,croatia 0 - 2 portugal,12.12
M77,Round of 32,croatia vs portugal,croatia 0 - 0 portugal,11.52
M77,Round of 32,croatia vs portugal,croatia 1 - 2 portugal,9.95
M77,Round of 32,croatia vs portugal,croatia 0 - 3 portugal,6.24
M77,Round of 32,croatia vs portugal,croatia 1 - 3 portugal,5.01
M77,Round of 32,croatia vs portugal,croatia 2 - 2 portugal,3.9
M77,Round of 32,croatia vs portugal,croatia 1 - 0 portugal,3.85
M77,Round of 32,croatia vs portugal,croatia 0 - 4 portugal,2.57
M77,Round of 32,croatia vs portugal,croatia 2 - 3 portugal,2.23
M77,Round of 32,croatia vs portugal,croatia 2 - 1 portugal,2.18
M77,Round of 32,croatia vs portugal,croatia 1 - 4 portugal,2.09
M77,Round of 32,croatia vs portugal,croatia 2 - 0 portugal,1.79
M77,Round of 32,croatia vs portugal,croatia 2 - 4 portugal,0.92
M77,Round of 32,croatia vs portugal,croatia 0 - 5 portugal,0.89
M77,Round of 32,croatia vs portugal,croatia 1 - 5 portugal,0.7
M77,Round of 32,croatia vs portugal,croatia 3 - 1 portugal,0.67
M77,Round of 32,croatia vs portugal,croatia 3 - 3 portugal,0.66
M77,Round of 32,croatia vs portugal,croatia 3 - 0 portugal,0.52
M77,Round of 32,croatia vs portugal,croatia 3 - 2 portugal,0.5
M77,Round of 32,croatia vs portugal,croatia 2 - 5 portugal,0.33
M77,Round of 32,croatia vs portugal,croatia 3 - 4 portugal,0.28
M77,Round of 32,croatia vs portugal,croatia 0 - 6 portugal,0.27
M77,Round of 32,croatia vs portugal,croatia 1 - 6 portugal,0.22
M77,Round of 32,croatia vs portugal,croatia 4 - 1 portugal,0.19
M77,Round of 32,croatia vs portugal,croatia 4 - 2 portugal,0.16
M77,Round of 32,croatia vs portugal,croatia 4 - 0 portugal,0.14
M77,Round of 32,croatia vs portugal,croatia 2 - 6 portugal,0.1
M77,Round of 32,croatia vs portugal,croatia 3 - 5 portugal,0.1
M77,Round of 32,croatia vs portugal,croatia 0 - 7 portugal,0.08
M77,Round of 32,croatia vs portugal,croatia 4 - 4 portugal,0.07
M77,Round of 32,croatia vs portugal,croatia 4 - 3 portugal,0.07
M77,Round of 32,croatia vs portugal,croatia 1 - 7 portugal,0.06
M77,Round of 32,croatia vs portugal,croatia 5 - 1 portugal,0.05
M77,Round of 32,croatia vs portugal,croatia 5 - 2 portugal,0.04
M77,Round of 32,croatia vs portugal,croatia 5 - 0 portugal,0.03
M77,Round of 32,croatia vs portugal,croatia 4 - 5 portugal,0.03
M77,Round of 32,croatia vs portugal,croatia 2 - 7 portugal,0.03
M77,Round of 32,croatia vs portugal,croatia 3 - 6 portugal,0.03
M77,Round of 32,croatia vs portugal,croatia 5 - 3 portugal,0.02
M77,Round of 32,croatia vs portugal,croatia 6 - 1 portugal,0.01
M77,Round of 32,croatia vs portugal,croatia 3 - 7 portugal,0.01
M77,Round of 32,croatia vs portugal,croatia 5 - 5 portugal,0.01
M77,Round of 32,croatia vs portugal,croatia 6 - 0 portugal,0.01
M77,Round of 32,croatia vs portugal,croatia 5 - 4 portugal,0.01
M77,Round of 32,croatia vs portugal,croatia 6 - 3 portugal,0.01
M77,Round of 32,croatia vs portugal,croatia 6 - 2 portugal,0.01
M77,Round of 32,croatia vs portugal,croatia 4 - 6 portugal,0.0
M77,Round of 32,croatia vs portugal,croatia 5 - 6 portugal,0.0
M77,Round of 32,croatia vs portugal,croatia 7 - 0 portugal,0.0
M77,Round of 32,croatia vs portugal,croatia 7 - 1 portugal,0.0
M77,Round of 32,croatia vs portugal,croatia 7 - 2 portugal,0.0
M77,Round of 32,croatia vs portugal,croatia 7 - 5 portugal,0.0
M77,Round of 32,croatia vs portugal,croatia 6 - 4 portugal,0.0
M78,Round of 32,austria vs spain,austria 0 - 1 spain,17.8
M78,Round of 32,austria vs spain,austria 0 - 2 spain,15.62
M78,Round of 32,austria vs spain,austria 1 - 2 spain,13.0
M78,Round of 32,austria vs spain,austria 0 - 3 spain,9.77
M78,Round of 32,austria vs spain,austria 1 - 3 spain,7.86
M78,Round of 32,austria vs spain,austria 1 - 1 spain,5.18
M78,Round of 32,austria vs spain,austria 0 - 4 spain,4.92
M78,Round of 32,austria vs spain,austria 1 - 4 spain,4.05
M78,Round of 32,austria vs spain,austria 0 - 0 spain,3.92
M78,Round of 32,austria vs spain,austria 2 - 3 spain,3.48
M78,Round of 32,austria vs spain,austria 2 - 2 spain,2.07
M78,Round of 32,austria vs spain,austria 0 - 5 spain,2.04
M78,Round of 32,austria vs spain,austria 2 - 4 spain,1.77
M78,Round of 32,austria vs spain,austria 1 - 5 spain,1.67
M78,Round of 32,austria vs spain,austria 0 - 6 spain,0.83
M78,Round of 32,austria vs spain,austria 2 - 5 spain,0.77
M78,Round of 32,austria vs spain,austria 1 - 0 spain,0.73
M78,Round of 32,austria vs spain,austria 1 - 6 spain,0.65
M78,Round of 32,austria vs spain,austria 3 - 4 spain,0.61
M78,Round of 32,austria vs spain,austria 2 - 1 spain,0.57
M78,Round of 32,austria vs spain,austria 3 - 3 spain,0.39
M78,Round of 32,austria vs spain,austria 2 - 0 spain,0.31
M78,Round of 32,austria vs spain,austria 2 - 6 spain,0.3
M78,Round of 32,austria vs spain,austria 0 - 7 spain,0.27
M78,Round of 32,austria vs spain,austria 3 - 5 spain,0.23
M78,Round of 32,austria vs spain,austria 1 - 7 spain,0.21
M78,Round of 32,austria vs spain,austria 3 - 1 spain,0.16
M78,Round of 32,austria vs spain,austria 3 - 2 spain,0.14
M78,Round of 32,austria vs spain,austria 3 - 6 spain,0.11
M78,Round of 32,austria vs spain,austria 3 - 0 spain,0.11
M78,Round of 32,austria vs spain,austria 2 - 7 spain,0.11
M78,Round of 32,austria vs spain,austria 4 - 5 spain,0.06
M78,Round of 32,austria vs spain,austria 4 - 4 spain,0.05
M78,Round of 32,austria vs spain,austria 4 - 2 spain,0.05
M78,Round of 32,austria vs spain,austria 4 - 1 spain,0.04
M78,Round of 32,austria vs spain,austria 3 - 7 spain,0.03
M78,Round of 32,austria vs spain,austria 4 - 6 spain,0.03
M78,Round of 32,austria vs spain,austria 4 - 3 spain,0.02
M78,Round of 32,austria vs spain,austria 4 - 0 spain,0.02
M78,Round of 32,austria vs spain,austria 5 - 2 spain,0.01
M78,Round of 32,austria vs spain,austria 5 - 1 spain,0.01
M78,Round of 32,austria vs spain,austria 4 - 7 spain,0.01
M78,Round of 32,austria vs spain,austria 5 - 0 spain,0.01
M78,Round of 32,austria vs spain,austria 5 - 6 spain,0.01
M78,Round of 32,austria vs spain,austria 5 - 5 spain,0.01
M78,Round of 32,austria vs spain,austria 6 - 3 spain,0.0
M78,Round of 32,austria vs spain,austria 5 - 7 spain,0.0
M78,Round of 32,austria vs spain,austria 5 - 3 spain,0.0
M78,Round of 32,austria vs spain,austria 5 - 4 spain,0.0
M78,Round of 32,austria vs spain,austria 6 - 1 spain,0.0
M79,Round of 32,bosnia and herzegovina vs united states,bosnia and herzegovina 0 - 1 united states,22.84
M79,Round of 32,bosnia and herzegovina vs united states,bosnia and herzegovina 0 - 2 united states,14.66
M79,Round of 32,bosnia and herzegovina vs united states,bosnia and herzegovina 1 - 2 united states,12.31
M79,Round of 32,bosnia and herzegovina vs united states,bosnia and herzegovina 0 - 0 united states,8.01
M79,Round of 32,bosnia and herzegovina vs united states,bosnia and herzegovina 1 - 1 united states,7.81
M79,Round of 32,bosnia and herzegovina vs united states,bosnia and herzegovina 0 - 3 united states,6.55
M79,Round of 32,bosnia and herzegovina vs united states,bosnia and herzegovina 1 - 3 united states,5.58
M79,Round of 32,bosnia and herzegovina vs united states,bosnia and herzegovina 1 - 0 united states,3.58
M79,Round of 32,bosnia and herzegovina vs united states,bosnia and herzegovina 2 - 3 united states,2.47
M79,Round of 32,bosnia and herzegovina vs united states,bosnia and herzegovina 0 - 4 united states,2.4
M79,Round of 32,bosnia and herzegovina vs united states,bosnia and herzegovina 2 - 2 united states,2.29
M79,Round of 32,bosnia and herzegovina vs united states,bosnia and herzegovina 1 - 4 united states,1.99
M79,Round of 32,bosnia and herzegovina vs united states,bosnia and herzegovina 2 - 1 united states,1.89
M79,Round of 32,bosnia and herzegovina vs united states,bosnia and herzegovina 2 - 0 united states,1.54
M79,Round of 32,bosnia and herzegovina vs united states,bosnia and herzegovina 2 - 4 united states,0.94
M79,Round of 32,bosnia and herzegovina vs united states,bosnia and herzegovina 0 - 5 united states,0.77
M79,Round of 32,bosnia and herzegovina vs united states,bosnia and herzegovina 1 - 5 united states,0.61
M79,Round of 32,bosnia and herzegovina vs united states,bosnia and herzegovina 3 - 1 united states,0.59
M79,Round of 32,bosnia and herzegovina vs united states,bosnia and herzegovina 3 - 0 united states,0.51
M79,Round of 32,bosnia and herzegovina vs united states,bosnia and herzegovina 3 - 2 united states,0.39
M79,Round of 32,bosnia and herzegovina vs united states,bosnia and herzegovina 3 - 3 united states,0.34
M79,Round of 32,bosnia and herzegovina vs united states,bosnia and herzegovina 3 - 4 united states,0.31
M79,Round of 32,bosnia and herzegovina vs united states,bosnia and herzegovina 2 - 5 united states,0.28
M79,Round of 32,bosnia and herzegovina vs united states,bosnia and herzegovina 0 - 6 united states,0.24
M79,Round of 32,bosnia and herzegovina vs united states,bosnia and herzegovina 1 - 6 united states,0.16
M79,Round of 32,bosnia and herzegovina vs united states,bosnia and herzegovina 4 - 1 united states,0.16
M79,Round of 32,bosnia and herzegovina vs united states,bosnia and herzegovina 4 - 0 united states,0.14
M79,Round of 32,bosnia and herzegovina vs united states,bosnia and herzegovina 4 - 2 united states,0.1
M79,Round of 32,bosnia and herzegovina vs united states,bosnia and herzegovina 3 - 5 united states,0.09
M79,Round of 32,bosnia and herzegovina vs united states,bosnia and herzegovina 2 - 6 united states,0.08
M79,Round of 32,bosnia and herzegovina vs united states,bosnia and herzegovina 0 - 7 united states,0.06
M79,Round of 32,bosnia and herzegovina vs united states,bosnia and herzegovina 4 - 3 united states,0.04
M79,Round of 32,bosnia and herzegovina vs united states,bosnia and herzegovina 4 - 4 united states,0.04
M79,Round of 32,bosnia and herzegovina vs united states,bosnia and herzegovina 5 - 1 united states,0.03
M79,Round of 32,bosnia and herzegovina vs united states,bosnia and herzegovina 1 - 7 united states,0.03
M79,Round of 32,bosnia and herzegovina vs united states,bosnia and herzegovina 4 - 5 united states,0.03
M79,Round of 32,bosnia and herzegovina vs united states,bosnia and herzegovina 5 - 0 united states,0.02
M79,Round of 32,bosnia and herzegovina vs united states,bosnia and herzegovina 5 - 2 united states,0.02
M79,Round of 32,bosnia and herzegovina vs united states,bosnia and herzegovina 3 - 6 united states,0.02
M79,Round of 32,bosnia and herzegovina vs united states,bosnia and herzegovina 2 - 7 united states,0.01
M79,Round of 32,bosnia and herzegovina vs united states,bosnia and herzegovina 5 - 3 united states,0.01
M79,Round of 32,bosnia and herzegovina vs united states,bosnia and herzegovina 6 - 0 united states,0.01
M79,Round of 32,bosnia and herzegovina vs united states,bosnia and herzegovina 4 - 6 united states,0.01
M79,Round of 32,bosnia and herzegovina vs united states,bosnia and herzegovina 5 - 5 united states,0.01
M79,Round of 32,bosnia and herzegovina vs united states,bosnia and herzegovina 6 - 2 united states,0.01
M79,Round of 32,bosnia and herzegovina vs united states,bosnia and herzegovina 3 - 7 united states,0.01
M79,Round of 32,bosnia and herzegovina vs united states,bosnia and herzegovina 6 - 1 united states,0.01
M79,Round of 32,bosnia and herzegovina vs united states,bosnia and herzegovina 4 - 7 united states,0.0
M79,Round of 32,bosnia and herzegovina vs united states,bosnia and herzegovina 5 - 4 united states,0.0
M79,Round of 32,bosnia and herzegovina vs united states,bosnia and herzegovina 6 - 3 united states,0.0
M79,Round of 32,bosnia and herzegovina vs united states,bosnia and herzegovina 7 - 0 united states,0.0
M79,Round of 32,bosnia and herzegovina vs united states,bosnia and herzegovina 7 - 3 united states,0.0
M79,Round of 32,bosnia and herzegovina vs united states,bosnia and herzegovina 6 - 4 united states,0.0
M79,Round of 32,bosnia and herzegovina vs united states,bosnia and herzegovina 7 - 2 united states,0.0
M80,Round of 32,belgium vs senegal,belgium 1 - 0 senegal,20.58
M80,Round of 32,belgium vs senegal,belgium 2 - 0 senegal,14.39
M80,Round of 32,belgium vs senegal,belgium 2 - 1 senegal,11.0
M80,Round of 32,belgium vs senegal,belgium 0 - 0 senegal,10.93
M80,Round of 32,belgium vs senegal,belgium 1 - 1 senegal,10.59
M80,Round of 32,belgium vs senegal,belgium 3 - 0 senegal,7.31
M80,Round of 32,belgium vs senegal,belgium 3 - 1 senegal,5.46
M80,Round of 32,belgium vs senegal,belgium 2 - 2 senegal,3.09
M80,Round of 32,belgium vs senegal,belgium 4 - 0 senegal,2.85
M80,Round of 32,belgium vs senegal,belgium 3 - 2 senegal,2.32
M80,Round of 32,belgium vs senegal,belgium 4 - 1 senegal,2.2
M80,Round of 32,belgium vs senegal,belgium 0 - 1 senegal,1.86
M80,Round of 32,belgium vs senegal,belgium 1 - 2 senegal,0.97
M80,Round of 32,belgium vs senegal,belgium 5 - 0 senegal,0.97
M80,Round of 32,belgium vs senegal,belgium 4 - 2 senegal,0.92
M80,Round of 32,belgium vs senegal,belgium 5 - 1 senegal,0.79
M80,Round of 32,belgium vs senegal,belgium 0 - 2 senegal,0.78
M80,Round of 32,belgium vs senegal,belgium 3 - 3 senegal,0.49
M80,Round of 32,belgium vs senegal,belgium 4 - 3 senegal,0.31
M80,Round of 32,belgium vs senegal,belgium 1 - 3 senegal,0.31
M80,Round of 32,belgium vs senegal,belgium 5 - 2 senegal,0.3
M80,Round of 32,belgium vs senegal,belgium 6 - 0 senegal,0.27
M80,Round of 32,belgium vs senegal,belgium 0 - 3 senegal,0.22
M80,Round of 32,belgium vs senegal,belgium 6 - 1 senegal,0.2
M80,Round of 32,belgium vs senegal,belgium 2 - 3 senegal,0.2
M80,Round of 32,belgium vs senegal,belgium 6 - 2 senegal,0.1
M80,Round of 32,belgium vs senegal,belgium 5 - 3 senegal,0.09
M80,Round of 32,belgium vs senegal,belgium 7 - 0 senegal,0.07
M80,Round of 32,belgium vs senegal,belgium 0 - 4 senegal,0.07
M80,Round of 32,belgium vs senegal,belgium 1 - 4 senegal,0.07
M80,Round of 32,belgium vs senegal,belgium 7 - 1 senegal,0.06
M80,Round of 32,belgium vs senegal,belgium 4 - 4 senegal,0.05
M80,Round of 32,belgium vs senegal,belgium 2 - 4 senegal,0.04
M80,Round of 32,belgium vs senegal,belgium 7 - 2 senegal,0.03
M80,Round of 32,belgium vs senegal,belgium 6 - 3 senegal,0.02
M80,Round of 32,belgium vs senegal,belgium 3 - 4 senegal,0.02
M80,Round of 32,belgium vs senegal,belgium 5 - 4 senegal,0.02
M80,Round of 32,belgium vs senegal,belgium 2 - 5 senegal,0.01
M80,Round of 32,belgium vs senegal,belgium 6 - 4 senegal,0.01
M80,Round of 32,belgium vs senegal,belgium 7 - 3 senegal,0.01
M80,Round of 32,belgium vs senegal,belgium 0 - 5 senegal,0.01
M80,Round of 32,belgium vs senegal,belgium 1 - 5 senegal,0.01
M80,Round of 32,belgium vs senegal,belgium 3 - 5 senegal,0.01
M80,Round of 32,belgium vs senegal,belgium 7 - 4 senegal,0.01
M80,Round of 32,belgium vs senegal,belgium 1 - 6 senegal,0.0
M80,Round of 32,belgium vs senegal,belgium 2 - 6 senegal,0.0
M80,Round of 32,belgium vs senegal,belgium 6 - 5 senegal,0.0
M80,Round of 32,belgium vs senegal,belgium 4 - 5 senegal,0.0
M80,Round of 32,belgium vs senegal,belgium 2 - 7 senegal,0.0
M80,Round of 32,belgium vs senegal,belgium 5 - 5 senegal,0.0
M80,Round of 32,belgium vs senegal,belgium 0 - 6 senegal,0.0
M80,Round of 32,belgium vs senegal,belgium 7 - 5 senegal,0.0
M80,Round of 32,belgium vs senegal,belgium 3 - 6 senegal,0.0
M81,Round of 32,brazil vs japan,brazil 1 - 0 japan,20.05
M81,Round of 32,brazil vs japan,brazil 2 - 0 japan,15.7
M81,Round of 32,brazil vs japan,brazil 2 - 1 japan,11.44
M81,Round of 32,brazil vs japan,brazil 1 - 1 japan,8.86
M81,Round of 32,brazil vs japan,brazil 3 - 0 japan,8.78
M81,Round of 32,brazil vs japan,brazil 0 - 0 japan,8.39
M81,Round of 32,brazil vs japan,brazil 3 - 1 japan,6.39
M81,Round of 32,brazil vs japan,brazil 4 - 0 japan,3.85
M81,Round of 32,brazil vs japan,brazil 4 - 1 japan,2.96
M81,Round of 32,brazil vs japan,brazil 2 - 2 japan,2.83
M81,Round of 32,brazil vs japan,brazil 3 - 2 japan,2.47
M81,Round of 32,brazil vs japan,brazil 5 - 0 japan,1.44
M81,Round of 32,brazil vs japan,brazil 4 - 2 japan,1.11
M81,Round of 32,brazil vs japan,brazil 5 - 1 japan,1.09
M81,Round of 32,brazil vs japan,brazil 0 - 1 japan,0.76
M81,Round of 32,brazil vs japan,brazil 6 - 0 japan,0.47
M81,Round of 32,brazil vs japan,brazil 5 - 2 japan,0.46
M81,Round of 32,brazil vs japan,brazil 3 - 3 japan,0.43
M81,Round of 32,brazil vs japan,brazil 1 - 2 japan,0.41
M81,Round of 32,brazil vs japan,brazil 6 - 1 japan,0.39
M81,Round of 32,brazil vs japan,brazil 4 - 3 japan,0.33
M81,Round of 32,brazil vs japan,brazil 0 - 2 japan,0.27
M81,Round of 32,brazil vs japan,brazil 7 - 0 japan,0.18
M81,Round of 32,brazil vs japan,brazil 6 - 2 japan,0.15
M81,Round of 32,brazil vs japan,brazil 5 - 3 japan,0.13
M81,Round of 32,brazil vs japan,brazil 7 - 1 japan,0.11
M81,Round of 32,brazil vs japan,brazil 1 - 3 japan,0.11
M81,Round of 32,brazil vs japan,brazil 2 - 3 japan,0.1
M81,Round of 32,brazil vs japan,brazil 0 - 3 japan,0.08
M81,Round of 32,brazil vs japan,brazil 4 - 4 japan,0.05
M81,Round of 32,brazil vs japan,brazil 1 - 4 japan,0.03
M81,Round of 32,brazil vs japan,brazil 5 - 4 japan,0.03
M81,Round of 32,brazil vs japan,brazil 6 - 3 japan,0.03
M81,Round of 32,brazil vs japan,brazil 7 - 2 japan,0.03
M81,Round of 32,brazil vs japan,brazil 2 - 4 japan,0.03
M81,Round of 32,brazil vs japan,brazil 6 - 4 japan,0.01
M81,Round of 32,brazil vs japan,brazil 3 - 4 japan,0.01
M81,Round of 32,brazil vs japan,brazil 0 - 4 japan,0.01
M81,Round of 32,brazil vs japan,brazil 7 - 3 japan,0.01
M81,Round of 32,brazil vs japan,brazil 1 - 5 japan,0.01
M81,Round of 32,brazil vs japan,brazil 3 - 5 japan,0.01
M81,Round of 32,brazil vs japan,brazil 0 - 5 japan,0.01
M81,Round of 32,brazil vs japan,brazil 2 - 5 japan,0.01
M81,Round of 32,brazil vs japan,brazil 2 - 6 japan,0.0
M81,Round of 32,brazil vs japan,brazil 1 - 6 japan,0.0
M81,Round of 32,brazil vs japan,brazil 0 - 6 japan,0.0
M81,Round of 32,brazil vs japan,brazil 5 - 5 japan,0.0
M81,Round of 32,brazil vs japan,brazil 6 - 5 japan,0.0
M81,Round of 32,brazil vs japan,brazil 7 - 4 japan,0.0
M82,Round of 32,ivory coast vs norway,ivory coast 1 - 0 norway,15.21
M82,Round of 32,ivory coast vs norway,ivory coast 1 - 1 norway,12.65
M82,Round of 32,ivory coast vs norway,ivory coast 2 - 0 norway,10.68
M82,Round of 32,ivory coast vs norway,ivory coast 0 - 0 norway,10.55
M82,Round of 32,ivory coast vs norway,ivory coast 2 - 1 norway,10.38
M82,Round of 32,ivory coast vs norway,ivory coast 3 - 0 norway,5.18
M82,Round of 32,ivory coast vs norway,ivory coast 3 - 1 norway,5.01
M82,Round of 32,ivory coast vs norway,ivory coast 2 - 2 norway,4.55
M82,Round of 32,ivory coast vs norway,ivory coast 0 - 1 norway,4.51
M82,Round of 32,ivory coast vs norway,ivory coast 1 - 2 norway,3.14
M82,Round of 32,ivory coast vs norway,ivory coast 3 - 2 norway,2.61
M82,Round of 32,ivory coast vs norway,ivory coast 0 - 2 norway,2.37
M82,Round of 32,ivory coast vs norway,ivory coast 4 - 0 norway,2.06
M82,Round of 32,ivory coast vs norway,ivory coast 4 - 1 norway,1.95
M82,Round of 32,ivory coast vs norway,ivory coast 1 - 3 norway,1.12
M82,Round of 32,ivory coast vs norway,ivory coast 4 - 2 norway,1.04
M82,Round of 32,ivory coast vs norway,ivory coast 3 - 3 norway,0.91
M82,Round of 32,ivory coast vs norway,ivory coast 0 - 3 norway,0.89
M82,Round of 32,ivory coast vs norway,ivory coast 2 - 3 norway,0.77
M82,Round of 32,ivory coast vs norway,ivory coast 5 - 0 norway,0.71
M82,Round of 32,ivory coast vs norway,ivory coast 5 - 1 norway,0.7
M82,Round of 32,ivory coast vs norway,ivory coast 5 - 2 norway,0.37
M82,Round of 32,ivory coast vs norway,ivory coast 4 - 3 norway,0.36
M82,Round of 32,ivory coast vs norway,ivory coast 1 - 4 norway,0.32
M82,Round of 32,ivory coast vs norway,ivory coast 0 - 4 norway,0.29
M82,Round of 32,ivory coast vs norway,ivory coast 2 - 4 norway,0.22
M82,Round of 32,ivory coast vs norway,ivory coast 6 - 0 norway,0.2
M82,Round of 32,ivory coast vs norway,ivory coast 6 - 1 norway,0.2
M82,Round of 32,ivory coast vs norway,ivory coast 5 - 3 norway,0.14
M82,Round of 32,ivory coast vs norway,ivory coast 3 - 4 norway,0.12
M82,Round of 32,ivory coast vs norway,ivory coast 6 - 2 norway,0.11
M82,Round of 32,ivory coast vs norway,ivory coast 4 - 4 norway,0.1
M82,Round of 32,ivory coast vs norway,ivory coast 1 - 5 norway,0.09
M82,Round of 32,ivory coast vs norway,ivory coast 7 - 0 norway,0.07
M82,Round of 32,ivory coast vs norway,ivory coast 2 - 5 norway,0.06
M82,Round of 32,ivory coast vs norway,ivory coast 6 - 3 norway,0.05
M82,Round of 32,ivory coast vs norway,ivory coast 0 - 5 norway,0.05
M82,Round of 32,ivory coast vs norway,ivory coast 7 - 1 norway,0.05
M82,Round of 32,ivory coast vs norway,ivory coast 5 - 4 norway,0.04
M82,Round of 32,ivory coast vs norway,ivory coast 7 - 2 norway,0.03
M82,Round of 32,ivory coast vs norway,ivory coast 3 - 5 norway,0.02
M82,Round of 32,ivory coast vs norway,ivory coast 0 - 6 norway,0.01
M82,Round of 32,ivory coast vs norway,ivory coast 2 - 6 norway,0.01
M82,Round of 32,ivory coast vs norway,ivory coast 1 - 6 norway,0.01
M82,Round of 32,ivory coast vs norway,ivory coast 7 - 3 norway,0.01
M82,Round of 32,ivory coast vs norway,ivory coast 6 - 4 norway,0.01
M82,Round of 32,ivory coast vs norway,ivory coast 4 - 5 norway,0.01
M82,Round of 32,ivory coast vs norway,ivory coast 7 - 4 norway,0.01
M82,Round of 32,ivory coast vs norway,ivory coast 3 - 6 norway,0.01
M82,Round of 32,ivory coast vs norway,ivory coast 5 - 5 norway,0.0
M82,Round of 32,ivory coast vs norway,ivory coast 0 - 7 norway,0.0
M82,Round of 32,ivory coast vs norway,ivory coast 2 - 7 norway,0.0
M82,Round of 32,ivory coast vs norway,ivory coast 7 - 5 norway,0.0
M82,Round of 32,ivory coast vs norway,ivory coast 1 - 7 norway,0.0
M82,Round of 32,ivory coast vs norway,ivory coast 4 - 6 norway,0.0
M82,Round of 32,ivory coast vs norway,ivory coast 6 - 6 norway,0.0
M82,Round of 32,ivory coast vs norway,ivory coast 5 - 6 norway,0.0
M82,Round of 32,ivory coast vs norway,ivory coast 6 - 5 norway,0.0
M83,Round of 32,ecuador vs mexico,ecuador 0 - 0 mexico,21.54
M83,Round of 32,ecuador vs mexico,ecuador 0 - 1 mexico,16.39
M83,Round of 32,ecuador vs mexico,ecuador 1 - 1 mexico,14.46
M83,Round of 32,ecuador vs mexico,ecuador 1 - 0 mexico,10.98
M83,Round of 32,ecuador vs mexico,ecuador 0 - 2 mexico,7.15
M83,Round of 32,ecuador vs mexico,ecuador 1 - 2 mexico,6.07
M83,Round of 32,ecuador vs mexico,ecuador 2 - 0 mexico,5.21
M83,Round of 32,ecuador vs mexico,ecuador 2 - 1 mexico,3.96
M83,Round of 32,ecuador vs mexico,ecuador 2 - 2 mexico,2.8
M83,Round of 32,ecuador vs mexico,ecuador 0 - 3 mexico,2.11
M83,Round of 32,ecuador vs mexico,ecuador 1 - 3 mexico,1.8
M83,Round of 32,ecuador vs mexico,ecuador 3 - 0 mexico,1.77
M83,Round of 32,ecuador vs mexico,ecuador 3 - 1 mexico,1.34
M83,Round of 32,ecuador vs mexico,ecuador 2 - 3 mexico,0.87
M83,Round of 32,ecuador vs mexico,ecuador 3 - 2 mexico,0.55
M83,Round of 32,ecuador vs mexico,ecuador 0 - 4 mexico,0.48
M83,Round of 32,ecuador vs mexico,ecuador 4 - 0 mexico,0.45
M83,Round of 32,ecuador vs mexico,ecuador 1 - 4 mexico,0.43
M83,Round of 32,ecuador vs mexico,ecuador 4 - 1 mexico,0.35
M83,Round of 32,ecuador vs mexico,ecuador 3 - 3 mexico,0.25
M83,Round of 32,ecuador vs mexico,ecuador 2 - 4 mexico,0.19
M83,Round of 32,ecuador vs mexico,ecuador 4 - 2 mexico,0.14
M83,Round of 32,ecuador vs mexico,ecuador 5 - 0 mexico,0.1
M83,Round of 32,ecuador vs mexico,ecuador 0 - 5 mexico,0.1
M83,Round of 32,ecuador vs mexico,ecuador 5 - 1 mexico,0.09
M83,Round of 32,ecuador vs mexico,ecuador 1 - 5 mexico,0.09
M83,Round of 32,ecuador vs mexico,ecuador 3 - 4 mexico,0.07
M83,Round of 32,ecuador vs mexico,ecuador 4 - 3 mexico,0.04
M83,Round of 32,ecuador vs mexico,ecuador 5 - 2 mexico,0.03
M83,Round of 32,ecuador vs mexico,ecuador 2 - 5 mexico,0.03
M83,Round of 32,ecuador vs mexico,ecuador 6 - 0 mexico,0.02
M83,Round of 32,ecuador vs mexico,ecuador 4 - 4 mexico,0.02
M83,Round of 32,ecuador vs mexico,ecuador 1 - 6 mexico,0.02
M83,Round of 32,ecuador vs mexico,ecuador 0 - 6 mexico,0.01
M83,Round of 32,ecuador vs mexico,ecuador 6 - 1 mexico,0.01
M83,Round of 32,ecuador vs mexico,ecuador 5 - 3 mexico,0.01
M83,Round of 32,ecuador vs mexico,ecuador 2 - 6 mexico,0.01
M83,Round of 32,ecuador vs mexico,ecuador 3 - 5 mexico,0.01
M83,Round of 32,ecuador vs mexico,ecuador 7 - 0 mexico,0.01
M83,Round of 32,ecuador vs mexico,ecuador 0 - 7 mexico,0.01
M83,Round of 32,ecuador vs mexico,ecuador 4 - 5 mexico,0.01
M83,Round of 32,ecuador vs mexico,ecuador 7 - 1 mexico,0.0
M83,Round of 32,ecuador vs mexico,ecuador 1 - 7 mexico,0.0
M83,Round of 32,ecuador vs mexico,ecuador 6 - 2 mexico,0.0
M83,Round of 32,ecuador vs mexico,ecuador 6 - 3 mexico,0.0
M83,Round of 32,ecuador vs mexico,ecuador 5 - 4 mexico,0.0
M83,Round of 32,ecuador vs mexico,ecuador 5 - 5 mexico,0.0
M83,Round of 32,ecuador vs mexico,ecuador 2 - 7 mexico,0.0
M83,Round of 32,ecuador vs mexico,ecuador 7 - 2 mexico,0.0
M83,Round of 32,ecuador vs mexico,ecuador 3 - 7 mexico,0.0
M84,Round of 32,dr congo vs england,dr congo 0 - 1 england,18.88
M84,Round of 32,dr congo vs england,dr congo 0 - 2 england,17.57
M84,Round of 32,dr congo vs england,dr congo 0 - 3 england,11.42
M84,Round of 32,dr congo vs england,dr congo 1 - 2 england,10.05
M84,Round of 32,dr congo vs england,dr congo 1 - 3 england,6.74
M84,Round of 32,dr congo vs england,dr congo 0 - 4 england,6.25
M84,Round of 32,dr congo vs england,dr congo 1 - 1 england,5.94
M84,Round of 32,dr congo vs england,dr congo 0 - 0 england,5.91
M84,Round of 32,dr congo vs england,dr congo 1 - 4 england,3.63
M84,Round of 32,dr congo vs england,dr congo 0 - 5 england,2.69
M84,Round of 32,dr congo vs england,dr congo 2 - 3 england,2.11
M84,Round of 32,dr congo vs england,dr congo 2 - 2 england,1.7
M84,Round of 32,dr congo vs england,dr congo 1 - 5 england,1.57
M84,Round of 32,dr congo vs england,dr congo 2 - 4 england,1.09
M84,Round of 32,dr congo vs england,dr congo 0 - 6 england,1.06
M84,Round of 32,dr congo vs england,dr congo 1 - 6 england,0.65
M84,Round of 32,dr congo vs england,dr congo 2 - 5 england,0.53
M84,Round of 32,dr congo vs england,dr congo 0 - 7 england,0.4
M84,Round of 32,dr congo vs england,dr congo 1 - 0 england,0.28
M84,Round of 32,dr congo vs england,dr congo 3 - 3 england,0.24
M84,Round of 32,dr congo vs england,dr congo 3 - 4 england,0.24
M84,Round of 32,dr congo vs england,dr congo 1 - 7 england,0.23
M84,Round of 32,dr congo vs england,dr congo 2 - 6 england,0.18
M84,Round of 32,dr congo vs england,dr congo 2 - 1 england,0.15
M84,Round of 32,dr congo vs england,dr congo 3 - 5 england,0.09
M84,Round of 32,dr congo vs england,dr congo 2 - 0 england,0.09
M84,Round of 32,dr congo vs england,dr congo 2 - 7 england,0.08
M84,Round of 32,dr congo vs england,dr congo 3 - 6 england,0.04
M84,Round of 32,dr congo vs england,dr congo 3 - 2 england,0.04
M84,Round of 32,dr congo vs england,dr congo 4 - 4 england,0.03
M84,Round of 32,dr congo vs england,dr congo 3 - 1 england,0.03
M84,Round of 32,dr congo vs england,dr congo 4 - 5 england,0.02
M84,Round of 32,dr congo vs england,dr congo 3 - 7 england,0.02
M84,Round of 32,dr congo vs england,dr congo 3 - 0 england,0.01
M84,Round of 32,dr congo vs england,dr congo 4 - 6 england,0.01
M84,Round of 32,dr congo vs england,dr congo 4 - 0 england,0.01
M84,Round of 32,dr congo vs england,dr congo 4 - 2 england,0.01
M84,Round of 32,dr congo vs england,dr congo 4 - 1 england,0.01
M84,Round of 32,dr congo vs england,dr congo 5 - 5 england,0.0
M84,Round of 32,dr congo vs england,dr congo 4 - 3 england,0.0
M84,Round of 32,dr congo vs england,dr congo 5 - 4 england,0.0
M84,Round of 32,dr congo vs england,dr congo 5 - 1 england,0.0
M84,Round of 32,dr congo vs england,dr congo 6 - 2 england,0.0
M84,Round of 32,dr congo vs england,dr congo 5 - 3 england,0.0
M84,Round of 32,dr congo vs england,dr congo 4 - 7 england,0.0
M84,Round of 32,dr congo vs england,dr congo 6 - 1 england,0.0
M84,Round of 32,dr congo vs england,dr congo 5 - 2 england,0.0
M85,Round of 32,argentina vs cape verde,argentina 1 - 0 cape verde,21.92
M85,Round of 32,argentina vs cape verde,argentina 2 - 0 cape verde,21.17
M85,Round of 32,argentina vs cape verde,argentina 3 - 0 cape verde,14.66
M85,Round of 32,argentina vs cape verde,argentina 2 - 1 cape verde,8.88
M85,Round of 32,argentina vs cape verde,argentina 4 - 0 cape verde,8.06
M85,Round of 32,argentina vs cape verde,argentina 3 - 1 cape verde,6.2
M85,Round of 32,argentina vs cape verde,argentina 5 - 0 cape verde,3.9
M85,Round of 32,argentina vs cape verde,argentina 4 - 1 cape verde,3.37
M85,Round of 32,argentina vs cape verde,argentina 0 - 0 cape verde,2.2
M85,Round of 32,argentina vs cape verde,argentina 1 - 1 cape verde,1.63
M85,Round of 32,argentina vs cape verde,argentina 5 - 1 cape verde,1.57
M85,Round of 32,argentina vs cape verde,argentina 6 - 0 cape verde,1.45
M85,Round of 32,argentina vs cape verde,argentina 3 - 2 cape verde,1.4
M85,Round of 32,argentina vs cape verde,argentina 4 - 2 cape verde,0.81
M85,Round of 32,argentina vs cape verde,argentina 6 - 1 cape verde,0.61
M85,Round of 32,argentina vs cape verde,argentina 7 - 0 cape verde,0.59
M85,Round of 32,argentina vs cape verde,argentina 5 - 2 cape verde,0.38
M85,Round of 32,argentina vs cape verde,argentina 2 - 2 cape verde,0.35
M85,Round of 32,argentina vs cape verde,argentina 7 - 1 cape verde,0.24
M85,Round of 32,argentina vs cape verde,argentina 6 - 2 cape verde,0.15
M85,Round of 32,argentina vs cape verde,argentina 4 - 3 cape verde,0.12
M85,Round of 32,argentina vs cape verde,argentina 7 - 2 cape verde,0.07
M85,Round of 32,argentina vs cape verde,argentina 0 - 1 cape verde,0.06
M85,Round of 32,argentina vs cape verde,argentina 5 - 3 cape verde,0.06
M85,Round of 32,argentina vs cape verde,argentina 3 - 3 cape verde,0.04
M85,Round of 32,argentina vs cape verde,argentina 1 - 2 cape verde,0.03
M85,Round of 32,argentina vs cape verde,argentina 6 - 3 cape verde,0.02
M85,Round of 32,argentina vs cape verde,argentina 7 - 3 cape verde,0.02
M85,Round of 32,argentina vs cape verde,argentina 0 - 2 cape verde,0.01
M85,Round of 32,argentina vs cape verde,argentina 5 - 4 cape verde,0.01
M85,Round of 32,argentina vs cape verde,argentina 1 - 3 cape verde,0.0
M85,Round of 32,argentina vs cape verde,argentina 2 - 3 cape verde,0.0
M85,Round of 32,argentina vs cape verde,argentina 4 - 4 cape verde,0.0
M85,Round of 32,argentina vs cape verde,argentina 6 - 4 cape verde,0.0
M85,Round of 32,argentina vs cape verde,argentina 1 - 4 cape verde,0.0
M85,Round of 32,argentina vs cape verde,argentina 0 - 3 cape verde,0.0
M85,Round of 32,argentina vs cape verde,argentina 6 - 6 cape verde,0.0
M85,Round of 32,argentina vs cape verde,argentina 2 - 4 cape verde,0.0
M86,Round of 32,australia vs egypt,australia 0 - 1 egypt,18.25
M86,Round of 32,australia vs egypt,australia 0 - 0 egypt,13.62
M86,Round of 32,australia vs egypt,australia 1 - 0 egypt,11.34
M86,Round of 32,australia vs egypt,australia 1 - 1 egypt,10.66
M86,Round of 32,australia vs egypt,australia 0 - 2 egypt,9.55
M86,Round of 32,australia vs egypt,australia 1 - 2 egypt,7.66
M86,Round of 32,australia vs egypt,australia 2 - 0 egypt,5.04
M86,Round of 32,australia vs egypt,australia 2 - 1 egypt,4.99
M86,Round of 32,australia vs egypt,australia 0 - 3 egypt,3.57
M86,Round of 32,australia vs egypt,australia 1 - 3 egypt,2.86
M86,Round of 32,australia vs egypt,australia 2 - 2 egypt,2.45
M86,Round of 32,australia vs egypt,australia 3 - 0 egypt,1.6
M86,Round of 32,australia vs egypt,australia 3 - 1 egypt,1.5
M86,Round of 32,australia vs egypt,australia 2 - 3 egypt,1.3
M86,Round of 32,australia vs egypt,australia 0 - 4 egypt,1.04
M86,Round of 32,australia vs egypt,australia 1 - 4 egypt,0.83
M86,Round of 32,australia vs egypt,australia 3 - 2 egypt,0.75
M86,Round of 32,australia vs egypt,australia 4 - 0 egypt,0.44
M86,Round of 32,australia vs egypt,australia 4 - 1 egypt,0.4
M86,Round of 32,australia vs egypt,australia 2 - 4 egypt,0.38
M86,Round of 32,australia vs egypt,australia 0 - 5 egypt,0.29
M86,Round of 32,australia vs egypt,australia 3 - 3 egypt,0.26
M86,Round of 32,australia vs egypt,australia 1 - 5 egypt,0.23
M86,Round of 32,australia vs egypt,australia 4 - 2 egypt,0.18
M86,Round of 32,australia vs egypt,australia 3 - 4 egypt,0.11
M86,Round of 32,australia vs egypt,australia 2 - 5 egypt,0.1
M86,Round of 32,australia vs egypt,australia 4 - 3 egypt,0.08
M86,Round of 32,australia vs egypt,australia 5 - 0 egypt,0.08
M86,Round of 32,australia vs egypt,australia 5 - 1 egypt,0.07
M86,Round of 32,australia vs egypt,australia 0 - 6 egypt,0.07
M86,Round of 32,australia vs egypt,australia 1 - 6 egypt,0.05
M86,Round of 32,australia vs egypt,australia 5 - 2 egypt,0.05
M86,Round of 32,australia vs egypt,australia 3 - 5 egypt,0.03
M86,Round of 32,australia vs egypt,australia 4 - 4 egypt,0.02
M86,Round of 32,australia vs egypt,australia 6 - 1 egypt,0.02
M86,Round of 32,australia vs egypt,australia 2 - 6 egypt,0.02
M86,Round of 32,australia vs egypt,australia 5 - 3 egypt,0.02
M86,Round of 32,australia vs egypt,australia 6 - 0 egypt,0.01
M86,Round of 32,australia vs egypt,australia 0 - 7 egypt,0.01
M86,Round of 32,australia vs egypt,australia 4 - 5 egypt,0.01
M86,Round of 32,australia vs egypt,australia 5 - 4 egypt,0.01
M86,Round of 32,australia vs egypt,australia 1 - 7 egypt,0.01
M86,Round of 32,australia vs egypt,australia 6 - 2 egypt,0.01
M86,Round of 32,australia vs egypt,australia 4 - 6 egypt,0.01
M86,Round of 32,australia vs egypt,australia 3 - 6 egypt,0.0
M86,Round of 32,australia vs egypt,australia 7 - 2 egypt,0.0
M86,Round of 32,australia vs egypt,australia 7 - 0 egypt,0.0
M86,Round of 32,australia vs egypt,australia 2 - 7 egypt,0.0
M86,Round of 32,australia vs egypt,australia 7 - 1 egypt,0.0
M86,Round of 32,australia vs egypt,australia 6 - 3 egypt,0.0
M86,Round of 32,australia vs egypt,australia 4 - 7 egypt,0.0
M86,Round of 32,australia vs egypt,australia 3 - 7 egypt,0.0
M86,Round of 32,australia vs egypt,australia 5 - 5 egypt,0.0
M86,Round of 32,australia vs egypt,australia 6 - 4 egypt,0.0
M87,Round of 32,algeria vs switzerland,algeria 0 - 1 switzerland,18.51
M87,Round of 32,algeria vs switzerland,algeria 1 - 2 switzerland,12.73
M87,Round of 32,algeria vs switzerland,algeria 0 - 2 switzerland,12.67
M87,Round of 32,algeria vs switzerland,algeria 1 - 1 switzerland,9.03
M87,Round of 32,algeria vs switzerland,algeria 0 - 0 switzerland,7.08
M87,Round of 32,algeria vs switzerland,algeria 1 - 3 switzerland,6.41
M87,Round of 32,algeria vs switzerland,algeria 0 - 3 switzerland,6.29
M87,Round of 32,algeria vs switzerland,algeria 2 - 3 switzerland,3.48
M87,Round of 32,algeria vs switzerland,algeria 2 - 2 switzerland,3.45
M87,Round of 32,algeria vs switzerland,algeria 1 - 0 switzerland,2.93
M87,Round of 32,algeria vs switzerland,algeria 0 - 4 switzerland,2.51
M87,Round of 32,algeria vs switzerland,algeria 1 - 4 switzerland,2.5
M87,Round of 32,algeria vs switzerland,algeria 2 - 1 switzerland,1.96
M87,Round of 32,algeria vs switzerland,algeria 2 - 0 switzerland,1.53
M87,Round of 32,algeria vs switzerland,algeria 2 - 4 switzerland,1.39
M87,Round of 32,algeria vs switzerland,algeria 1 - 5 switzerland,0.91
M87,Round of 32,algeria vs switzerland,algeria 0 - 5 switzerland,0.83
M87,Round of 32,algeria vs switzerland,algeria 3 - 1 switzerland,0.79
M87,Round of 32,algeria vs switzerland,algeria 3 - 3 switzerland,0.66
M87,Round of 32,algeria vs switzerland,algeria 3 - 0 switzerland,0.61
M87,Round of 32,algeria vs switzerland,algeria 3 - 2 switzerland,0.54
M87,Round of 32,algeria vs switzerland,algeria 3 - 4 switzerland,0.52
M87,Round of 32,algeria vs switzerland,algeria 2 - 5 switzerland,0.45
M87,Round of 32,algeria vs switzerland,algeria 1 - 6 switzerland,0.27
M87,Round of 32,algeria vs switzerland,algeria 4 - 1 switzerland,0.26
M87,Round of 32,algeria vs switzerland,algeria 0 - 6 switzerland,0.25
M87,Round of 32,algeria vs switzerland,algeria 4 - 0 switzerland,0.18
M87,Round of 32,algeria vs switzerland,algeria 3 - 5 switzerland,0.17
M87,Round of 32,algeria vs switzerland,algeria 4 - 2 switzerland,0.16
M87,Round of 32,algeria vs switzerland,algeria 2 - 6 switzerland,0.15
M87,Round of 32,algeria vs switzerland,algeria 4 - 4 switzerland,0.09
M87,Round of 32,algeria vs switzerland,algeria 4 - 3 switzerland,0.08
M87,Round of 32,algeria vs switzerland,algeria 1 - 7 switzerland,0.07
M87,Round of 32,algeria vs switzerland,algeria 0 - 7 switzerland,0.07
M87,Round of 32,algeria vs switzerland,algeria 4 - 5 switzerland,0.06
M87,Round of 32,algeria vs switzerland,algeria 5 - 1 switzerland,0.06
M87,Round of 32,algeria vs switzerland,algeria 3 - 6 switzerland,0.06
M87,Round of 32,algeria vs switzerland,algeria 5 - 2 switzerland,0.05
M87,Round of 32,algeria vs switzerland,algeria 5 - 0 switzerland,0.04
M87,Round of 32,algeria vs switzerland,algeria 2 - 7 switzerland,0.03
M87,Round of 32,algeria vs switzerland,algeria 5 - 3 switzerland,0.02
M87,Round of 32,algeria vs switzerland,algeria 3 - 7 switzerland,0.02
M87,Round of 32,algeria vs switzerland,algeria 4 - 6 switzerland,0.02
M87,Round of 32,algeria vs switzerland,algeria 6 - 2 switzerland,0.02
M87,Round of 32,algeria vs switzerland,algeria 6 - 0 switzerland,0.01
M87,Round of 32,algeria vs switzerland,algeria 6 - 1 switzerland,0.01
M87,Round of 32,algeria vs switzerland,algeria 5 - 4 switzerland,0.01
M87,Round of 32,algeria vs switzerland,algeria 5 - 6 switzerland,0.01
M87,Round of 32,algeria vs switzerland,algeria 6 - 3 switzerland,0.0
M87,Round of 32,algeria vs switzerland,algeria 7 - 0 switzerland,0.0
M87,Round of 32,algeria vs switzerland,algeria 6 - 6 switzerland,0.0
M87,Round of 32,algeria vs switzerland,algeria 4 - 7 switzerland,0.0
M87,Round of 32,algeria vs switzerland,algeria 7 - 2 switzerland,0.0
M87,Round of 32,algeria vs switzerland,algeria 6 - 5 switzerland,0.0
M87,Round of 32,algeria vs switzerland,algeria 5 - 5 switzerland,0.0
M87,Round of 32,algeria vs switzerland,algeria 5 - 7 switzerland,0.0
M87,Round of 32,algeria vs switzerland,algeria 6 - 7 switzerland,0.0
M87,Round of 32,algeria vs switzerland,algeria 7 - 3 switzerland,0.0
M88,Round of 32,colombia vs ghana,colombia 1 - 0 ghana,21.48
M88,Round of 32,colombia vs ghana,colombia 2 - 0 ghana,16.42
M88,Round of 32,colombia vs ghana,colombia 2 - 1 ghana,12.29
M88,Round of 32,colombia vs ghana,colombia 3 - 0 ghana,8.9
M88,Round of 32,colombia vs ghana,colombia 1 - 1 ghana,7.43
M88,Round of 32,colombia vs ghana,colombia 0 - 0 ghana,7.18
M88,Round of 32,colombia vs ghana,colombia 3 - 1 ghana,6.67
M88,Round of 32,colombia vs ghana,colombia 4 - 0 ghana,4.0
M88,Round of 32,colombia vs ghana,colombia 4 - 1 ghana,2.87
M88,Round of 32,colombia vs ghana,colombia 3 - 2 ghana,2.71
M88,Round of 32,colombia vs ghana,colombia 2 - 2 ghana,2.29
M88,Round of 32,colombia vs ghana,colombia 5 - 0 ghana,1.43
M88,Round of 32,colombia vs ghana,colombia 4 - 2 ghana,1.12
M88,Round of 32,colombia vs ghana,colombia 5 - 1 ghana,1.06
M88,Round of 32,colombia vs ghana,colombia 0 - 1 ghana,0.59
M88,Round of 32,colombia vs ghana,colombia 6 - 0 ghana,0.48
M88,Round of 32,colombia vs ghana,colombia 5 - 2 ghana,0.44
M88,Round of 32,colombia vs ghana,colombia 3 - 3 ghana,0.34
M88,Round of 32,colombia vs ghana,colombia 6 - 1 ghana,0.33
M88,Round of 32,colombia vs ghana,colombia 1 - 2 ghana,0.33
M88,Round of 32,colombia vs ghana,colombia 4 - 3 ghana,0.33
M88,Round of 32,colombia vs ghana,colombia 0 - 2 ghana,0.23
M88,Round of 32,colombia vs ghana,colombia 6 - 2 ghana,0.17
M88,Round of 32,colombia vs ghana,colombia 7 - 0 ghana,0.15
M88,Round of 32,colombia vs ghana,colombia 5 - 3 ghana,0.13
M88,Round of 32,colombia vs ghana,colombia 7 - 1 ghana,0.13
M88,Round of 32,colombia vs ghana,colombia 1 - 3 ghana,0.1
M88,Round of 32,colombia vs ghana,colombia 2 - 3 ghana,0.08
M88,Round of 32,colombia vs ghana,colombia 0 - 3 ghana,0.07
M88,Round of 32,colombia vs ghana,colombia 7 - 2 ghana,0.05
M88,Round of 32,colombia vs ghana,colombia 4 - 4 ghana,0.04
M88,Round of 32,colombia vs ghana,colombia 6 - 3 ghana,0.03
M88,Round of 32,colombia vs ghana,colombia 5 - 4 ghana,0.03
M88,Round of 32,colombia vs ghana,colombia 1 - 4 ghana,0.03
M88,Round of 32,colombia vs ghana,colombia 7 - 3 ghana,0.02
M88,Round of 32,colombia vs ghana,colombia 0 - 4 ghana,0.02
M88,Round of 32,colombia vs ghana,colombia 2 - 4 ghana,0.02
M88,Round of 32,colombia vs ghana,colombia 6 - 4 ghana,0.01
M88,Round of 32,colombia vs ghana,colombia 1 - 5 ghana,0.01
M88,Round of 32,colombia vs ghana,colombia 0 - 5 ghana,0.01
M88,Round of 32,colombia vs ghana,colombia 3 - 4 ghana,0.01
M88,Round of 32,colombia vs ghana,colombia 7 - 4 ghana,0.0
M88,Round of 32,colombia vs ghana,colombia 2 - 5 ghana,0.0
M88,Round of 32,colombia vs ghana,colombia 5 - 5 ghana,0.0
M88,Round of 32,colombia vs ghana,colombia 0 - 6 ghana,0.0
M88,Round of 32,colombia vs ghana,colombia 2 - 6 ghana,0.0
M88,Round of 32,colombia vs ghana,colombia 1 - 6 ghana,0.0
M88,Round of 32,colombia vs ghana,colombia 4 - 5 ghana,0.0
M89,Round of 16,france vs germany,france 1 - 0 germany,15.16
M89,Round of 16,france vs germany,france 2 - 1 germany,11.67
M89,Round of 16,france vs germany,france 1 - 1 germany,11.51
M89,Round of 16,france vs germany,france 2 - 0 germany,11.37
M89,Round of 16,france vs germany,france 0 - 0 germany,7.91
M89,Round of 16,france vs germany,france 3 - 1 germany,6.36
M89,Round of 16,france vs germany,france 3 - 0 germany,5.9
M89,Round of 16,france vs germany,france 2 - 2 germany,4.84
M89,Round of 16,france vs germany,france 3 - 2 germany,3.49
M89,Round of 16,france vs germany,france 4 - 1 germany,2.7
M89,Round of 16,france vs germany,france 0 - 1 germany,2.63
M89,Round of 16,france vs germany,france 4 - 0 germany,2.58
M89,Round of 16,france vs germany,france 1 - 2 germany,2.05
M89,Round of 16,france vs germany,france 0 - 2 germany,1.52
M89,Round of 16,france vs germany,france 4 - 2 germany,1.49
M89,Round of 16,france vs germany,france 3 - 3 germany,1.02
M89,Round of 16,france vs germany,france 5 - 1 germany,0.96
M89,Round of 16,france vs germany,france 5 - 0 germany,0.91
M89,Round of 16,france vs germany,france 1 - 3 germany,0.79
M89,Round of 16,france vs germany,france 4 - 3 germany,0.65
M89,Round of 16,france vs germany,france 2 - 3 germany,0.63
M89,Round of 16,france vs germany,france 0 - 3 germany,0.6
M89,Round of 16,france vs germany,france 5 - 2 germany,0.54
M89,Round of 16,france vs germany,france 6 - 1 germany,0.34
M89,Round of 16,france vs germany,france 6 - 0 germany,0.33
M89,Round of 16,france vs germany,france 1 - 4 germany,0.28
M89,Round of 16,france vs germany,france 5 - 3 germany,0.21
M89,Round of 16,france vs germany,france 2 - 4 germany,0.21
M89,Round of 16,france vs germany,france 0 - 4 germany,0.18
M89,Round of 16,france vs germany,france 6 - 2 germany,0.16
M89,Round of 16,france vs germany,france 4 - 4 germany,0.15
M89,Round of 16,france vs germany,france 5 - 4 germany,0.09
M89,Round of 16,france vs germany,france 3 - 4 germany,0.09
M89,Round of 16,france vs germany,france 7 - 1 germany,0.09
M89,Round of 16,france vs germany,france 7 - 0 germany,0.09
M89,Round of 16,france vs germany,france 1 - 5 germany,0.07
M89,Round of 16,france vs germany,france 6 - 3 germany,0.07
M89,Round of 16,france vs germany,france 2 - 5 germany,0.06
M89,Round of 16,france vs germany,france 0 - 5 germany,0.05
M89,Round of 16,france vs germany,france 7 - 2 germany,0.05
M89,Round of 16,france vs germany,france 3 - 5 germany,0.03
M89,Round of 16,france vs germany,france 6 - 4 germany,0.03
M89,Round of 16,france vs germany,france 1 - 6 germany,0.02
M89,Round of 16,france vs germany,france 5 - 5 germany,0.02
M89,Round of 16,france vs germany,france 2 - 6 germany,0.01
M89,Round of 16,france vs germany,france 7 - 3 germany,0.01
M89,Round of 16,france vs germany,france 0 - 6 germany,0.01
M89,Round of 16,france vs germany,france 4 - 5 germany,0.01
M89,Round of 16,france vs germany,france 3 - 6 germany,0.01
M89,Round of 16,france vs germany,france 0 - 7 germany,0.01
M89,Round of 16,france vs germany,france 6 - 6 germany,0.0
M89,Round of 16,france vs germany,france 7 - 4 germany,0.0
M89,Round of 16,france vs germany,france 1 - 7 germany,0.0
M89,Round of 16,france vs germany,france 6 - 5 germany,0.0
M89,Round of 16,france vs germany,france 7 - 5 germany,0.0
M89,Round of 16,france vs germany,france 2 - 7 germany,0.0
M89,Round of 16,france vs germany,france 5 - 6 germany,0.0
M89,Round of 16,france vs germany,france 7 - 6 germany,0.0
M89,Round of 16,france vs germany,france 3 - 7 germany,0.0
M90,Round of 16,canada vs netherlands,canada 0 - 1 netherlands,16.69
M90,Round of 16,canada vs netherlands,canada 0 - 2 netherlands,15.31
M90,Round of 16,canada vs netherlands,canada 1 - 2 netherlands,11.07
M90,Round of 16,canada vs netherlands,canada 0 - 3 netherlands,10.15
M90,Round of 16,canada vs netherlands,canada 1 - 3 netherlands,7.35
M90,Round of 16,canada vs netherlands,canada 1 - 1 netherlands,6.75
M90,Round of 16,canada vs netherlands,canada 0 - 4 netherlands,5.33
M90,Round of 16,canada vs netherlands,canada 0 - 0 netherlands,5.3
M90,Round of 16,canada vs netherlands,canada 1 - 4 netherlands,3.65
M90,Round of 16,canada vs netherlands,canada 2 - 3 netherlands,2.76
M90,Round of 16,canada vs netherlands,canada 0 - 5 netherlands,2.46
M90,Round of 16,canada vs netherlands,canada 2 - 2 netherlands,2.33
M90,Round of 16,canada vs netherlands,canada 1 - 5 netherlands,1.86
M90,Round of 16,canada vs netherlands,canada 2 - 4 netherlands,1.5
M90,Round of 16,canada vs netherlands,canada 1 - 0 netherlands,1.15
M90,Round of 16,canada vs netherlands,canada 0 - 6 netherlands,0.88
M90,Round of 16,canada vs netherlands,canada 2 - 1 netherlands,0.83
M90,Round of 16,canada vs netherlands,canada 2 - 5 netherlands,0.64
M90,Round of 16,canada vs netherlands,canada 1 - 6 netherlands,0.63
M90,Round of 16,canada vs netherlands,canada 3 - 3 netherlands,0.45
M90,Round of 16,canada vs netherlands,canada 3 - 4 netherlands,0.41
M90,Round of 16,canada vs netherlands,canada 2 - 0 netherlands,0.41
M90,Round of 16,canada vs netherlands,canada 0 - 7 netherlands,0.34
M90,Round of 16,canada vs netherlands,canada 2 - 6 netherlands,0.29
M90,Round of 16,canada vs netherlands,canada 3 - 1 netherlands,0.23
M90,Round of 16,canada vs netherlands,canada 1 - 7 netherlands,0.22
M90,Round of 16,canada vs netherlands,canada 3 - 2 netherlands,0.22
M90,Round of 16,canada vs netherlands,canada 3 - 5 netherlands,0.16
M90,Round of 16,canada vs netherlands,canada 3 - 0 netherlands,0.11
M90,Round of 16,canada vs netherlands,canada 2 - 7 netherlands,0.1
M90,Round of 16,canada vs netherlands,canada 3 - 6 netherlands,0.07
M90,Round of 16,canada vs netherlands,canada 4 - 4 netherlands,0.06
M90,Round of 16,canada vs netherlands,canada 4 - 1 netherlands,0.06
M90,Round of 16,canada vs netherlands,canada 4 - 2 netherlands,0.05
M90,Round of 16,canada vs netherlands,canada 4 - 3 netherlands,0.03
M90,Round of 16,canada vs netherlands,canada 4 - 0 netherlands,0.03
M90,Round of 16,canada vs netherlands,canada 5 - 1 netherlands,0.02
M90,Round of 16,canada vs netherlands,canada 4 - 5 netherlands,0.02
M90,Round of 16,canada vs netherlands,canada 3 - 7 netherlands,0.02
M90,Round of 16,canada vs netherlands,canada 4 - 6 netherlands,0.02
M90,Round of 16,canada vs netherlands,canada 4 - 7 netherlands,0.01
M90,Round of 16,canada vs netherlands,canada 6 - 1 netherlands,0.01
M90,Round of 16,canada vs netherlands,canada 5 - 5 netherlands,0.01
M90,Round of 16,canada vs netherlands,canada 5 - 2 netherlands,0.0
M90,Round of 16,canada vs netherlands,canada 6 - 6 netherlands,0.0
M90,Round of 16,canada vs netherlands,canada 5 - 4 netherlands,0.0
M90,Round of 16,canada vs netherlands,canada 5 - 3 netherlands,0.0
M91,Round of 16,portugal vs spain,portugal 1 - 1 spain,17.05
M91,Round of 16,portugal vs spain,portugal 0 - 0 spain,15.66
M91,Round of 16,portugal vs spain,portugal 0 - 1 spain,13.04
M91,Round of 16,portugal vs spain,portugal 1 - 2 spain,7.84
M91,Round of 16,portugal vs spain,portugal 0 - 2 spain,7.46
M91,Round of 16,portugal vs spain,portugal 1 - 0 spain,6.54
M91,Round of 16,portugal vs spain,portugal 2 - 2 spain,5.57
M91,Round of 16,portugal vs spain,portugal 2 - 1 spain,3.89
M91,Round of 16,portugal vs spain,portugal 2 - 0 spain,3.72
M91,Round of 16,portugal vs spain,portugal 1 - 3 spain,3.28
M91,Round of 16,portugal vs spain,portugal 0 - 3 spain,3.26
M91,Round of 16,portugal vs spain,portugal 2 - 3 spain,1.84
M91,Round of 16,portugal vs spain,portugal 3 - 1 spain,1.61
M91,Round of 16,portugal vs spain,portugal 3 - 0 spain,1.42
M91,Round of 16,portugal vs spain,portugal 0 - 4 spain,1.04
M91,Round of 16,portugal vs spain,portugal 1 - 4 spain,1.03
M91,Round of 16,portugal vs spain,portugal 3 - 2 spain,0.95
M91,Round of 16,portugal vs spain,portugal 3 - 3 spain,0.92
M91,Round of 16,portugal vs spain,portugal 2 - 4 spain,0.57
M91,Round of 16,portugal vs spain,portugal 4 - 1 spain,0.5
M91,Round of 16,portugal vs spain,portugal 4 - 0 spain,0.48
M91,Round of 16,portugal vs spain,portugal 4 - 2 spain,0.31
M91,Round of 16,portugal vs spain,portugal 1 - 5 spain,0.27
M91,Round of 16,portugal vs spain,portugal 3 - 4 spain,0.27
M91,Round of 16,portugal vs spain,portugal 0 - 5 spain,0.25
M91,Round of 16,portugal vs spain,portugal 2 - 5 spain,0.16
M91,Round of 16,portugal vs spain,portugal 5 - 0 spain,0.15
M91,Round of 16,portugal vs spain,portugal 4 - 3 spain,0.12
M91,Round of 16,portugal vs spain,portugal 5 - 1 spain,0.11
M91,Round of 16,portugal vs spain,portugal 4 - 4 spain,0.1
M91,Round of 16,portugal vs spain,portugal 5 - 2 spain,0.09
M91,Round of 16,portugal vs spain,portugal 1 - 6 spain,0.07
M91,Round of 16,portugal vs spain,portugal 3 - 5 spain,0.07
M91,Round of 16,portugal vs spain,portugal 0 - 6 spain,0.06
M91,Round of 16,portugal vs spain,portugal 2 - 6 spain,0.04
M91,Round of 16,portugal vs spain,portugal 6 - 1 spain,0.04
M91,Round of 16,portugal vs spain,portugal 6 - 0 spain,0.03
M91,Round of 16,portugal vs spain,portugal 0 - 7 spain,0.03
M91,Round of 16,portugal vs spain,portugal 5 - 3 spain,0.03
M91,Round of 16,portugal vs spain,portugal 6 - 2 spain,0.02
M91,Round of 16,portugal vs spain,portugal 1 - 7 spain,0.02
M91,Round of 16,portugal vs spain,portugal 3 - 6 spain,0.02
M91,Round of 16,portugal vs spain,portugal 7 - 1 spain,0.02
M91,Round of 16,portugal vs spain,portugal 5 - 4 spain,0.02
M91,Round of 16,portugal vs spain,portugal 6 - 3 spain,0.01
M91,Round of 16,portugal vs spain,portugal 2 - 7 spain,0.01
M91,Round of 16,portugal vs spain,portugal 4 - 5 spain,0.01
M91,Round of 16,portugal vs spain,portugal 4 - 6 spain,0.0
M91,Round of 16,portugal vs spain,portugal 7 - 3 spain,0.0
M91,Round of 16,portugal vs spain,portugal 7 - 0 spain,0.0
M91,Round of 16,portugal vs spain,portugal 7 - 4 spain,0.0
M91,Round of 16,portugal vs spain,portugal 5 - 6 spain,0.0
M91,Round of 16,portugal vs spain,portugal 6 - 7 spain,0.0
M91,Round of 16,portugal vs spain,portugal 4 - 7 spain,0.0
M91,Round of 16,portugal vs spain,portugal 6 - 4 spain,0.0
M91,Round of 16,portugal vs spain,portugal 5 - 5 spain,0.0
M91,Round of 16,portugal vs spain,portugal 7 - 2 spain,0.0
M91,Round of 16,portugal vs spain,portugal 7 - 5 spain,0.0
M91,Round of 16,portugal vs spain,portugal 3 - 7 spain,0.0
M92,Round of 16,belgium vs united states,belgium 1 - 0 united states,22.36
M92,Round of 16,belgium vs united states,belgium 2 - 0 united states,16.52
M92,Round of 16,belgium vs united states,belgium 2 - 1 united states,12.73
M92,Round of 16,belgium vs united states,belgium 3 - 0 united states,8.98
M92,Round of 16,belgium vs united states,belgium 3 - 1 united states,6.88
M92,Round of 16,belgium vs united states,belgium 1 - 1 united states,5.8
M92,Round of 16,belgium vs united states,belgium 0 - 0 united states,5.4
M92,Round of 16,belgium vs united states,belgium 4 - 0 united states,3.97
M92,Round of 16,belgium vs united states,belgium 4 - 1 united states,3.03
M92,Round of 16,belgium vs united states,belgium 3 - 2 united states,2.83
M92,Round of 16,belgium vs united states,belgium 2 - 2 united states,1.85
M92,Round of 16,belgium vs united states,belgium 5 - 0 united states,1.45
M92,Round of 16,belgium vs united states,belgium 0 - 1 united states,1.31
M92,Round of 16,belgium vs united states,belgium 4 - 2 united states,1.23
M92,Round of 16,belgium vs united states,belgium 5 - 1 united states,1.03
M92,Round of 16,belgium vs united states,belgium 1 - 2 united states,0.8
M92,Round of 16,belgium vs united states,belgium 6 - 0 united states,0.49
M92,Round of 16,belgium vs united states,belgium 0 - 2 united states,0.49
M92,Round of 16,belgium vs united states,belgium 5 - 2 united states,0.44
M92,Round of 16,belgium vs united states,belgium 6 - 1 united states,0.35
M92,Round of 16,belgium vs united states,belgium 3 - 3 united states,0.32
M92,Round of 16,belgium vs united states,belgium 4 - 3 united states,0.31
M92,Round of 16,belgium vs united states,belgium 1 - 3 united states,0.24
M92,Round of 16,belgium vs united states,belgium 2 - 3 united states,0.17
M92,Round of 16,belgium vs united states,belgium 0 - 3 united states,0.15
M92,Round of 16,belgium vs united states,belgium 6 - 2 united states,0.15
M92,Round of 16,belgium vs united states,belgium 5 - 3 united states,0.15
M92,Round of 16,belgium vs united states,belgium 7 - 0 united states,0.13
M92,Round of 16,belgium vs united states,belgium 7 - 1 united states,0.09
M92,Round of 16,belgium vs united states,belgium 1 - 4 united states,0.05
M92,Round of 16,belgium vs united states,belgium 6 - 3 united states,0.04
M92,Round of 16,belgium vs united states,belgium 0 - 4 united states,0.03
M92,Round of 16,belgium vs united states,belgium 5 - 4 united states,0.03
M92,Round of 16,belgium vs united states,belgium 3 - 4 united states,0.03
M92,Round of 16,belgium vs united states,belgium 2 - 4 united states,0.03
M92,Round of 16,belgium vs united states,belgium 7 - 2 united states,0.03
M92,Round of 16,belgium vs united states,belgium 7 - 3 united states,0.02
M92,Round of 16,belgium vs united states,belgium 4 - 4 united states,0.02
M92,Round of 16,belgium vs united states,belgium 1 - 5 united states,0.01
M92,Round of 16,belgium vs united states,belgium 6 - 4 united states,0.01
M92,Round of 16,belgium vs united states,belgium 0 - 5 united states,0.01
M92,Round of 16,belgium vs united states,belgium 2 - 6 united states,0.01
M92,Round of 16,belgium vs united states,belgium 2 - 5 united states,0.01
M92,Round of 16,belgium vs united states,belgium 6 - 5 united states,0.01
M92,Round of 16,belgium vs united states,belgium 5 - 5 united states,0.0
M92,Round of 16,belgium vs united states,belgium 4 - 5 united states,0.0
M92,Round of 16,belgium vs united states,belgium 1 - 6 united states,0.0
M92,Round of 16,belgium vs united states,belgium 7 - 4 united states,0.0
M92,Round of 16,belgium vs united states,belgium 0 - 6 united states,0.0
M93,Round of 16,brazil vs ivory coast,brazil 1 - 0 ivory coast,22.86
M93,Round of 16,brazil vs ivory coast,brazil 2 - 0 ivory coast,18.94
M93,Round of 16,brazil vs ivory coast,brazil 2 - 1 ivory coast,13.51
M93,Round of 16,brazil vs ivory coast,brazil 3 - 0 ivory coast,11.17
M93,Round of 16,brazil vs ivory coast,brazil 3 - 1 ivory coast,8.01
M93,Round of 16,brazil vs ivory coast,brazil 4 - 0 ivory coast,5.17
M93,Round of 16,brazil vs ivory coast,brazil 4 - 1 ivory coast,3.8
M93,Round of 16,brazil vs ivory coast,brazil 3 - 2 ivory coast,3.01
M93,Round of 16,brazil vs ivory coast,brazil 5 - 0 ivory coast,2.04
M93,Round of 16,brazil vs ivory coast,brazil 1 - 1 ivory coast,1.99
M93,Round of 16,brazil vs ivory coast,brazil 0 - 0 ivory coast,1.9
M93,Round of 16,brazil vs ivory coast,brazil 5 - 1 ivory coast,1.45
M93,Round of 16,brazil vs ivory coast,brazil 4 - 2 ivory coast,1.36
M93,Round of 16,brazil vs ivory coast,brazil 6 - 0 ivory coast,0.71
M93,Round of 16,brazil vs ivory coast,brazil 2 - 2 ivory coast,0.63
M93,Round of 16,brazil vs ivory coast,brazil 5 - 2 ivory coast,0.57
M93,Round of 16,brazil vs ivory coast,brazil 6 - 1 ivory coast,0.48
M93,Round of 16,brazil vs ivory coast,brazil 4 - 3 ivory coast,0.41
M93,Round of 16,brazil vs ivory coast,brazil 0 - 1 ivory coast,0.35
M93,Round of 16,brazil vs ivory coast,brazil 7 - 0 ivory coast,0.26
M93,Round of 16,brazil vs ivory coast,brazil 6 - 2 ivory coast,0.21
M93,Round of 16,brazil vs ivory coast,brazil 0 - 2 ivory coast,0.18
M93,Round of 16,brazil vs ivory coast,brazil 1 - 2 ivory coast,0.17
M93,Round of 16,brazil vs ivory coast,brazil 7 - 1 ivory coast,0.16
M93,Round of 16,brazil vs ivory coast,brazil 5 - 3 ivory coast,0.15
M93,Round of 16,brazil vs ivory coast,brazil 3 - 3 ivory coast,0.11
M93,Round of 16,brazil vs ivory coast,brazil 1 - 3 ivory coast,0.07
M93,Round of 16,brazil vs ivory coast,brazil 7 - 2 ivory coast,0.07
M93,Round of 16,brazil vs ivory coast,brazil 2 - 3 ivory coast,0.06
M93,Round of 16,brazil vs ivory coast,brazil 6 - 3 ivory coast,0.04
M93,Round of 16,brazil vs ivory coast,brazil 0 - 3 ivory coast,0.04
M93,Round of 16,brazil vs ivory coast,brazil 5 - 4 ivory coast,0.04
M93,Round of 16,brazil vs ivory coast,brazil 2 - 4 ivory coast,0.02
M93,Round of 16,brazil vs ivory coast,brazil 7 - 3 ivory coast,0.01
M93,Round of 16,brazil vs ivory coast,brazil 6 - 4 ivory coast,0.01
M93,Round of 16,brazil vs ivory coast,brazil 1 - 4 ivory coast,0.01
M93,Round of 16,brazil vs ivory coast,brazil 0 - 4 ivory coast,0.01
M93,Round of 16,brazil vs ivory coast,brazil 4 - 4 ivory coast,0.01
M93,Round of 16,brazil vs ivory coast,brazil 3 - 4 ivory coast,0.01
M93,Round of 16,brazil vs ivory coast,brazil 7 - 4 ivory coast,0.0
M93,Round of 16,brazil vs ivory coast,brazil 6 - 5 ivory coast,0.0
M93,Round of 16,brazil vs ivory coast,brazil 5 - 5 ivory coast,0.0
M93,Round of 16,brazil vs ivory coast,brazil 0 - 5 ivory coast,0.0
M93,Round of 16,brazil vs ivory coast,brazil 2 - 5 ivory coast,0.0
M93,Round of 16,brazil vs ivory coast,brazil 3 - 5 ivory coast,0.0
M94,Round of 16,england vs mexico,england 1 - 0 mexico,16.57
M94,Round of 16,england vs mexico,england 0 - 0 mexico,13.2
M94,Round of 16,england vs mexico,england 1 - 1 mexico,12.56
M94,Round of 16,england vs mexico,england 2 - 0 mexico,11.72
M94,Round of 16,england vs mexico,england 2 - 1 mexico,8.69
M94,Round of 16,england vs mexico,england 3 - 0 mexico,5.85
M94,Round of 16,england vs mexico,england 0 - 1 mexico,5.72
M94,Round of 16,england vs mexico,england 3 - 1 mexico,4.37
M94,Round of 16,england vs mexico,england 2 - 2 mexico,3.55
M94,Round of 16,england vs mexico,england 1 - 2 mexico,2.96
M94,Round of 16,england vs mexico,england 4 - 0 mexico,2.36
M94,Round of 16,england vs mexico,england 0 - 2 mexico,2.25
M94,Round of 16,england vs mexico,england 4 - 1 mexico,1.79
M94,Round of 16,england vs mexico,england 3 - 2 mexico,1.72
M94,Round of 16,england vs mexico,england 1 - 3 mexico,0.81
M94,Round of 16,england vs mexico,england 5 - 0 mexico,0.76
M94,Round of 16,england vs mexico,england 4 - 2 mexico,0.7
M94,Round of 16,england vs mexico,england 0 - 3 mexico,0.68
M94,Round of 16,england vs mexico,england 5 - 1 mexico,0.64
M94,Round of 16,england vs mexico,england 2 - 3 mexico,0.62
M94,Round of 16,england vs mexico,england 3 - 3 mexico,0.49
M94,Round of 16,england vs mexico,england 5 - 2 mexico,0.25
M94,Round of 16,england vs mexico,england 4 - 3 mexico,0.25
M94,Round of 16,england vs mexico,england 6 - 0 mexico,0.24
M94,Round of 16,england vs mexico,england 6 - 1 mexico,0.19
M94,Round of 16,england vs mexico,england 1 - 4 mexico,0.18
M94,Round of 16,england vs mexico,england 2 - 4 mexico,0.17
M94,Round of 16,england vs mexico,england 0 - 4 mexico,0.16
M94,Round of 16,england vs mexico,england 7 - 0 mexico,0.08
M94,Round of 16,england vs mexico,england 3 - 4 mexico,0.07
M94,Round of 16,england vs mexico,england 5 - 3 mexico,0.07
M94,Round of 16,england vs mexico,england 6 - 2 mexico,0.04
M94,Round of 16,england vs mexico,england 4 - 4 mexico,0.04
M94,Round of 16,england vs mexico,england 7 - 1 mexico,0.04
M94,Round of 16,england vs mexico,england 1 - 5 mexico,0.03
M94,Round of 16,england vs mexico,england 3 - 5 mexico,0.03
M94,Round of 16,england vs mexico,england 5 - 4 mexico,0.03
M94,Round of 16,england vs mexico,england 7 - 2 mexico,0.02
M94,Round of 16,england vs mexico,england 2 - 5 mexico,0.02
M94,Round of 16,england vs mexico,england 0 - 5 mexico,0.02
M94,Round of 16,england vs mexico,england 6 - 3 mexico,0.01
M94,Round of 16,england vs mexico,england 2 - 6 mexico,0.01
M94,Round of 16,england vs mexico,england 4 - 5 mexico,0.01
M94,Round of 16,england vs mexico,england 6 - 4 mexico,0.01
M94,Round of 16,england vs mexico,england 0 - 6 mexico,0.0
M94,Round of 16,england vs mexico,england 1 - 6 mexico,0.0
M94,Round of 16,england vs mexico,england 5 - 5 mexico,0.0
M94,Round of 16,england vs mexico,england 6 - 5 mexico,0.0
M94,Round of 16,england vs mexico,england 5 - 6 mexico,0.0
M94,Round of 16,england vs mexico,england 3 - 7 mexico,0.0
M94,Round of 16,england vs mexico,england 3 - 6 mexico,0.0
M95,Round of 16,argentina vs egypt,argentina 1 - 0 egypt,26.52
M95,Round of 16,argentina vs egypt,argentina 2 - 0 egypt,18.32
M95,Round of 16,argentina vs egypt,argentina 2 - 1 egypt,11.18
M95,Round of 16,argentina vs egypt,argentina 3 - 0 egypt,9.14
M95,Round of 16,argentina vs egypt,argentina 0 - 0 egypt,7.39
M95,Round of 16,argentina vs egypt,argentina 1 - 1 egypt,5.81
M95,Round of 16,argentina vs egypt,argentina 3 - 1 egypt,5.53
M95,Round of 16,argentina vs egypt,argentina 4 - 0 egypt,3.85
M95,Round of 16,argentina vs egypt,argentina 4 - 1 egypt,2.24
M95,Round of 16,argentina vs egypt,argentina 3 - 2 egypt,1.75
M95,Round of 16,argentina vs egypt,argentina 5 - 0 egypt,1.34
M95,Round of 16,argentina vs egypt,argentina 2 - 2 egypt,1.3
M95,Round of 16,argentina vs egypt,argentina 0 - 1 egypt,1.23
M95,Round of 16,argentina vs egypt,argentina 5 - 1 egypt,0.78
M95,Round of 16,argentina vs egypt,argentina 4 - 2 egypt,0.77
M95,Round of 16,argentina vs egypt,argentina 1 - 2 egypt,0.48
M95,Round of 16,argentina vs egypt,argentina 0 - 2 egypt,0.42
M95,Round of 16,argentina vs egypt,argentina 6 - 0 egypt,0.39
M95,Round of 16,argentina vs egypt,argentina 5 - 2 egypt,0.26
M95,Round of 16,argentina vs egypt,argentina 6 - 1 egypt,0.22
M95,Round of 16,argentina vs egypt,argentina 4 - 3 egypt,0.16
M95,Round of 16,argentina vs egypt,argentina 3 - 3 egypt,0.13
M95,Round of 16,argentina vs egypt,argentina 1 - 3 egypt,0.13
M95,Round of 16,argentina vs egypt,argentina 7 - 0 egypt,0.1
M95,Round of 16,argentina vs egypt,argentina 6 - 2 egypt,0.09
M95,Round of 16,argentina vs egypt,argentina 0 - 3 egypt,0.08
M95,Round of 16,argentina vs egypt,argentina 7 - 1 egypt,0.08
M95,Round of 16,argentina vs egypt,argentina 2 - 3 egypt,0.08
M95,Round of 16,argentina vs egypt,argentina 5 - 3 egypt,0.04
M95,Round of 16,argentina vs egypt,argentina 1 - 4 egypt,0.03
M95,Round of 16,argentina vs egypt,argentina 2 - 4 egypt,0.03
M95,Round of 16,argentina vs egypt,argentina 0 - 4 egypt,0.02
M95,Round of 16,argentina vs egypt,argentina 6 - 3 egypt,0.02
M95,Round of 16,argentina vs egypt,argentina 3 - 4 egypt,0.01
M95,Round of 16,argentina vs egypt,argentina 4 - 4 egypt,0.01
M95,Round of 16,argentina vs egypt,argentina 7 - 2 egypt,0.01
M95,Round of 16,argentina vs egypt,argentina 5 - 4 egypt,0.01
M95,Round of 16,argentina vs egypt,argentina 1 - 5 egypt,0.01
M95,Round of 16,argentina vs egypt,argentina 4 - 5 egypt,0.0
M95,Round of 16,argentina vs egypt,argentina 7 - 3 egypt,0.0
M95,Round of 16,argentina vs egypt,argentina 6 - 5 egypt,0.0
M95,Round of 16,argentina vs egypt,argentina 7 - 5 egypt,0.0
M95,Round of 16,argentina vs egypt,argentina 1 - 6 egypt,0.0
M95,Round of 16,argentina vs egypt,argentina 7 - 4 egypt,0.0
M96,Round of 16,colombia vs switzerland,colombia 1 - 0 switzerland,18.01
M96,Round of 16,colombia vs switzerland,colombia 2 - 0 switzerland,11.02
M96,Round of 16,colombia vs switzerland,colombia 1 - 1 switzerland,10.76
M96,Round of 16,colombia vs switzerland,colombia 0 - 0 switzerland,10.4
M96,Round of 16,colombia vs switzerland,colombia 2 - 1 switzerland,10.16
M96,Round of 16,colombia vs switzerland,colombia 0 - 1 switzerland,6.67
M96,Round of 16,colombia vs switzerland,colombia 3 - 0 switzerland,4.57
M96,Round of 16,colombia vs switzerland,colombia 3 - 1 switzerland,4.41
M96,Round of 16,colombia vs switzerland,colombia 1 - 2 switzerland,3.8
M96,Round of 16,colombia vs switzerland,colombia 0 - 2 switzerland,3.25
M96,Round of 16,colombia vs switzerland,colombia 2 - 2 switzerland,3.21
M96,Round of 16,colombia vs switzerland,colombia 3 - 2 switzerland,2.29
M96,Round of 16,colombia vs switzerland,colombia 4 - 0 switzerland,1.82
M96,Round of 16,colombia vs switzerland,colombia 4 - 1 switzerland,1.52
M96,Round of 16,colombia vs switzerland,colombia 1 - 3 switzerland,1.33
M96,Round of 16,colombia vs switzerland,colombia 0 - 3 switzerland,1.16
M96,Round of 16,colombia vs switzerland,colombia 2 - 3 switzerland,0.88
M96,Round of 16,colombia vs switzerland,colombia 4 - 2 switzerland,0.79
M96,Round of 16,colombia vs switzerland,colombia 5 - 0 switzerland,0.53
M96,Round of 16,colombia vs switzerland,colombia 3 - 3 switzerland,0.48
M96,Round of 16,colombia vs switzerland,colombia 5 - 1 switzerland,0.47
M96,Round of 16,colombia vs switzerland,colombia 1 - 4 switzerland,0.38
M96,Round of 16,colombia vs switzerland,colombia 0 - 4 switzerland,0.34
M96,Round of 16,colombia vs switzerland,colombia 5 - 2 switzerland,0.25
M96,Round of 16,colombia vs switzerland,colombia 4 - 3 switzerland,0.24
M96,Round of 16,colombia vs switzerland,colombia 2 - 4 switzerland,0.23
M96,Round of 16,colombia vs switzerland,colombia 6 - 0 switzerland,0.16
M96,Round of 16,colombia vs switzerland,colombia 6 - 1 switzerland,0.11
M96,Round of 16,colombia vs switzerland,colombia 3 - 4 switzerland,0.11
M96,Round of 16,colombia vs switzerland,colombia 1 - 5 switzerland,0.1
M96,Round of 16,colombia vs switzerland,colombia 0 - 5 switzerland,0.09
M96,Round of 16,colombia vs switzerland,colombia 6 - 2 switzerland,0.06
M96,Round of 16,colombia vs switzerland,colombia 5 - 3 switzerland,0.06
M96,Round of 16,colombia vs switzerland,colombia 2 - 5 switzerland,0.06
M96,Round of 16,colombia vs switzerland,colombia 4 - 4 switzerland,0.04
M96,Round of 16,colombia vs switzerland,colombia 3 - 5 switzerland,0.03
M96,Round of 16,colombia vs switzerland,colombia 5 - 4 switzerland,0.03
M96,Round of 16,colombia vs switzerland,colombia 7 - 1 switzerland,0.02
M96,Round of 16,colombia vs switzerland,colombia 7 - 0 switzerland,0.02
M96,Round of 16,colombia vs switzerland,colombia 6 - 3 switzerland,0.02
M96,Round of 16,colombia vs switzerland,colombia 0 - 6 switzerland,0.02
M96,Round of 16,colombia vs switzerland,colombia 1 - 6 switzerland,0.02
M96,Round of 16,colombia vs switzerland,colombia 2 - 6 switzerland,0.01
M96,Round of 16,colombia vs switzerland,colombia 7 - 2 switzerland,0.01
M96,Round of 16,colombia vs switzerland,colombia 7 - 3 switzerland,0.01
M96,Round of 16,colombia vs switzerland,colombia 4 - 5 switzerland,0.01
M96,Round of 16,colombia vs switzerland,colombia 4 - 6 switzerland,0.01
M96,Round of 16,colombia vs switzerland,colombia 3 - 6 switzerland,0.0
M96,Round of 16,colombia vs switzerland,colombia 6 - 4 switzerland,0.0
M96,Round of 16,colombia vs switzerland,colombia 1 - 7 switzerland,0.0
M96,Round of 16,colombia vs switzerland,colombia 0 - 7 switzerland,0.0
M96,Round of 16,colombia vs switzerland,colombia 6 - 5 switzerland,0.0
M96,Round of 16,colombia vs switzerland,colombia 6 - 6 switzerland,0.0
M96,Round of 16,colombia vs switzerland,colombia 5 - 5 switzerland,0.0
M96,Round of 16,colombia vs switzerland,colombia 5 - 6 switzerland,0.0
M96,Round of 16,colombia vs switzerland,colombia 2 - 7 switzerland,0.0
M97,Quarter-Finals,france vs netherlands,france 1 - 1 netherlands,17.19
M97,Quarter-Finals,france vs netherlands,france 1 - 0 netherlands,14.99
M97,Quarter-Finals,france vs netherlands,france 0 - 0 netherlands,13.7
M97,Quarter-Finals,france vs netherlands,france 2 - 0 netherlands,10.49
M97,Quarter-Finals,france vs netherlands,france 2 - 1 netherlands,9.52
M97,Quarter-Finals,france vs netherlands,france 2 - 2 netherlands,6.22
M97,Quarter-Finals,france vs netherlands,france 3 - 0 netherlands,5.01
M97,Quarter-Finals,france vs netherlands,france 3 - 1 netherlands,4.95
M97,Quarter-Finals,france vs netherlands,france 3 - 2 netherlands,2.48
M97,Quarter-Finals,france vs netherlands,france 0 - 1 netherlands,2.23
M97,Quarter-Finals,france vs netherlands,france 4 - 0 netherlands,2.04
M97,Quarter-Finals,france vs netherlands,france 4 - 1 netherlands,1.91
M97,Quarter-Finals,france vs netherlands,france 1 - 2 netherlands,1.45
M97,Quarter-Finals,france vs netherlands,france 0 - 2 netherlands,1.09
M97,Quarter-Finals,france vs netherlands,france 3 - 3 netherlands,1.04
M97,Quarter-Finals,france vs netherlands,france 4 - 2 netherlands,0.99
M97,Quarter-Finals,france vs netherlands,france 5 - 0 netherlands,0.7
M97,Quarter-Finals,france vs netherlands,france 5 - 1 netherlands,0.64
M97,Quarter-Finals,france vs netherlands,france 1 - 3 netherlands,0.44
M97,Quarter-Finals,france vs netherlands,france 2 - 3 netherlands,0.41
M97,Quarter-Finals,france vs netherlands,france 0 - 3 netherlands,0.4
M97,Quarter-Finals,france vs netherlands,france 5 - 2 netherlands,0.34
M97,Quarter-Finals,france vs netherlands,france 4 - 3 netherlands,0.32
M97,Quarter-Finals,france vs netherlands,france 6 - 0 netherlands,0.21
M97,Quarter-Finals,france vs netherlands,france 6 - 1 netherlands,0.18
M97,Quarter-Finals,france vs netherlands,france 1 - 4 netherlands,0.15
M97,Quarter-Finals,france vs netherlands,france 5 - 3 netherlands,0.12
M97,Quarter-Finals,france vs netherlands,france 2 - 4 netherlands,0.11
M97,Quarter-Finals,france vs netherlands,france 0 - 4 netherlands,0.1
M97,Quarter-Finals,france vs netherlands,france 4 - 4 netherlands,0.1
M97,Quarter-Finals,france vs netherlands,france 6 - 2 netherlands,0.1
M97,Quarter-Finals,france vs netherlands,france 7 - 0 netherlands,0.07
M97,Quarter-Finals,france vs netherlands,france 3 - 4 netherlands,0.05
M97,Quarter-Finals,france vs netherlands,france 7 - 1 netherlands,0.04
M97,Quarter-Finals,france vs netherlands,france 1 - 5 netherlands,0.04
M97,Quarter-Finals,france vs netherlands,france 6 - 3 netherlands,0.03
M97,Quarter-Finals,france vs netherlands,france 0 - 5 netherlands,0.03
M97,Quarter-Finals,france vs netherlands,france 5 - 4 netherlands,0.03
M97,Quarter-Finals,france vs netherlands,france 2 - 5 netherlands,0.03
M97,Quarter-Finals,france vs netherlands,france 7 - 2 netherlands,0.02
M97,Quarter-Finals,france vs netherlands,france 5 - 5 netherlands,0.01
M97,Quarter-Finals,france vs netherlands,france 3 - 5 netherlands,0.01
M97,Quarter-Finals,france vs netherlands,france 4 - 5 netherlands,0.01
M97,Quarter-Finals,france vs netherlands,france 7 - 4 netherlands,0.01
M97,Quarter-Finals,france vs netherlands,france 0 - 6 netherlands,0.0
M97,Quarter-Finals,france vs netherlands,france 6 - 4 netherlands,0.0
M97,Quarter-Finals,france vs netherlands,france 1 - 6 netherlands,0.0
M97,Quarter-Finals,france vs netherlands,france 6 - 6 netherlands,0.0
M97,Quarter-Finals,france vs netherlands,france 4 - 7 netherlands,0.0
M97,Quarter-Finals,france vs netherlands,france 7 - 5 netherlands,0.0
M97,Quarter-Finals,france vs netherlands,france 7 - 3 netherlands,0.0
M97,Quarter-Finals,france vs netherlands,france 3 - 6 netherlands,0.0
M98,Quarter-Finals,belgium vs spain,belgium 0 - 1 spain,16.57
M98,Quarter-Finals,belgium vs spain,belgium 1 - 1 spain,12.37
M98,Quarter-Finals,belgium vs spain,belgium 0 - 2 spain,12.17
M98,Quarter-Finals,belgium vs spain,belgium 1 - 2 spain,11.98
M98,Quarter-Finals,belgium vs spain,belgium 0 - 0 spain,8.77
M98,Quarter-Finals,belgium vs spain,belgium 0 - 3 spain,6.44
M98,Quarter-Finals,belgium vs spain,belgium 1 - 3 spain,6.3
M98,Quarter-Finals,belgium vs spain,belgium 2 - 2 spain,4.85
M98,Quarter-Finals,belgium vs spain,belgium 2 - 3 spain,3.33
M98,Quarter-Finals,belgium vs spain,belgium 1 - 4 spain,2.66
M98,Quarter-Finals,belgium vs spain,belgium 0 - 4 spain,2.59
M98,Quarter-Finals,belgium vs spain,belgium 1 - 0 spain,1.7
M98,Quarter-Finals,belgium vs spain,belgium 2 - 4 spain,1.32
M98,Quarter-Finals,belgium vs spain,belgium 2 - 1 spain,1.24
M98,Quarter-Finals,belgium vs spain,belgium 0 - 5 spain,1.0
M98,Quarter-Finals,belgium vs spain,belgium 1 - 5 spain,0.96
M98,Quarter-Finals,belgium vs spain,belgium 3 - 3 spain,0.9
M98,Quarter-Finals,belgium vs spain,belgium 2 - 0 spain,0.88
M98,Quarter-Finals,belgium vs spain,belgium 3 - 4 spain,0.53
M98,Quarter-Finals,belgium vs spain,belgium 3 - 1 spain,0.46
M98,Quarter-Finals,belgium vs spain,belgium 2 - 5 spain,0.44
M98,Quarter-Finals,belgium vs spain,belgium 3 - 0 spain,0.33
M98,Quarter-Finals,belgium vs spain,belgium 1 - 6 spain,0.32
M98,Quarter-Finals,belgium vs spain,belgium 3 - 2 spain,0.31
M98,Quarter-Finals,belgium vs spain,belgium 0 - 6 spain,0.28
M98,Quarter-Finals,belgium vs spain,belgium 3 - 5 spain,0.16
M98,Quarter-Finals,belgium vs spain,belgium 4 - 1 spain,0.13
M98,Quarter-Finals,belgium vs spain,belgium 4 - 4 spain,0.12
M98,Quarter-Finals,belgium vs spain,belgium 2 - 6 spain,0.12
M98,Quarter-Finals,belgium vs spain,belgium 4 - 0 spain,0.12
M98,Quarter-Finals,belgium vs spain,belgium 4 - 2 spain,0.11
M98,Quarter-Finals,belgium vs spain,belgium 0 - 7 spain,0.07
M98,Quarter-Finals,belgium vs spain,belgium 1 - 7 spain,0.07
M98,Quarter-Finals,belgium vs spain,belgium 3 - 6 spain,0.06
M98,Quarter-Finals,belgium vs spain,belgium 4 - 5 spain,0.06
M98,Quarter-Finals,belgium vs spain,belgium 4 - 3 spain,0.05
M98,Quarter-Finals,belgium vs spain,belgium 2 - 7 spain,0.04
M98,Quarter-Finals,belgium vs spain,belgium 5 - 1 spain,0.03
M98,Quarter-Finals,belgium vs spain,belgium 5 - 2 spain,0.02
M98,Quarter-Finals,belgium vs spain,belgium 5 - 0 spain,0.02
M98,Quarter-Finals,belgium vs spain,belgium 4 - 6 spain,0.02
M98,Quarter-Finals,belgium vs spain,belgium 5 - 5 spain,0.02
M98,Quarter-Finals,belgium vs spain,belgium 5 - 3 spain,0.02
M98,Quarter-Finals,belgium vs spain,belgium 3 - 7 spain,0.02
M98,Quarter-Finals,belgium vs spain,belgium 4 - 7 spain,0.01
M98,Quarter-Finals,belgium vs spain,belgium 6 - 3 spain,0.01
M98,Quarter-Finals,belgium vs spain,belgium 6 - 2 spain,0.0
M98,Quarter-Finals,belgium vs spain,belgium 5 - 4 spain,0.0
M98,Quarter-Finals,belgium vs spain,belgium 5 - 6 spain,0.0
M98,Quarter-Finals,belgium vs spain,belgium 6 - 6 spain,0.0
M98,Quarter-Finals,belgium vs spain,belgium 5 - 7 spain,0.0
M98,Quarter-Finals,belgium vs spain,belgium 7 - 0 spain,0.0
M98,Quarter-Finals,belgium vs spain,belgium 6 - 1 spain,0.0
M98,Quarter-Finals,belgium vs spain,belgium 6 - 4 spain,0.0
M98,Quarter-Finals,belgium vs spain,belgium 7 - 4 spain,0.0
M98,Quarter-Finals,belgium vs spain,belgium 6 - 5 spain,0.0
M98,Quarter-Finals,belgium vs spain,belgium 6 - 0 spain,0.0
M99,Quarter-Finals,brazil vs england,brazil 1 - 0 england,19.46
M99,Quarter-Finals,brazil vs england,brazil 1 - 1 england,12.6
M99,Quarter-Finals,brazil vs england,brazil 0 - 0 england,11.86
M99,Quarter-Finals,brazil vs england,brazil 2 - 0 england,11.45
M99,Quarter-Finals,brazil vs england,brazil 2 - 1 england,10.88
M99,Quarter-Finals,brazil vs england,brazil 3 - 0 england,4.98
M99,Quarter-Finals,brazil vs england,brazil 0 - 1 england,4.57
M99,Quarter-Finals,brazil vs england,brazil 3 - 1 england,4.41
M99,Quarter-Finals,brazil vs england,brazil 2 - 2 england,3.7
M99,Quarter-Finals,brazil vs england,brazil 1 - 2 england,2.53
M99,Quarter-Finals,brazil vs england,brazil 3 - 2 england,2.27
M99,Quarter-Finals,brazil vs england,brazil 0 - 2 england,2.23
M99,Quarter-Finals,brazil vs england,brazil 4 - 0 england,1.56
M99,Quarter-Finals,brazil vs england,brazil 4 - 1 england,1.46
M99,Quarter-Finals,brazil vs england,brazil 1 - 3 england,0.85
M99,Quarter-Finals,brazil vs england,brazil 0 - 3 england,0.82
M99,Quarter-Finals,brazil vs england,brazil 4 - 2 england,0.73
M99,Quarter-Finals,brazil vs england,brazil 3 - 3 england,0.52
M99,Quarter-Finals,brazil vs england,brazil 5 - 0 england,0.47
M99,Quarter-Finals,brazil vs england,brazil 2 - 3 england,0.47
M99,Quarter-Finals,brazil vs england,brazil 5 - 1 england,0.41
M99,Quarter-Finals,brazil vs england,brazil 4 - 3 england,0.28
M99,Quarter-Finals,brazil vs england,brazil 1 - 4 england,0.25
M99,Quarter-Finals,brazil vs england,brazil 5 - 2 england,0.24
M99,Quarter-Finals,brazil vs england,brazil 0 - 4 england,0.2
M99,Quarter-Finals,brazil vs england,brazil 2 - 4 england,0.12
M99,Quarter-Finals,brazil vs england,brazil 6 - 0 england,0.1
M99,Quarter-Finals,brazil vs england,brazil 6 - 1 england,0.08
M99,Quarter-Finals,brazil vs england,brazil 1 - 5 england,0.07
M99,Quarter-Finals,brazil vs england,brazil 5 - 3 england,0.07
M99,Quarter-Finals,brazil vs england,brazil 0 - 5 england,0.06
M99,Quarter-Finals,brazil vs england,brazil 3 - 4 england,0.05
M99,Quarter-Finals,brazil vs england,brazil 6 - 2 england,0.04
M99,Quarter-Finals,brazil vs england,brazil 4 - 4 england,0.03
M99,Quarter-Finals,brazil vs england,brazil 7 - 0 england,0.02
M99,Quarter-Finals,brazil vs england,brazil 7 - 1 england,0.02
M99,Quarter-Finals,brazil vs england,brazil 5 - 4 england,0.02
M99,Quarter-Finals,brazil vs england,brazil 6 - 3 england,0.02
M99,Quarter-Finals,brazil vs england,brazil 2 - 5 england,0.02
M99,Quarter-Finals,brazil vs england,brazil 0 - 6 england,0.01
M99,Quarter-Finals,brazil vs england,brazil 2 - 6 england,0.01
M99,Quarter-Finals,brazil vs england,brazil 7 - 2 england,0.01
M99,Quarter-Finals,brazil vs england,brazil 3 - 5 england,0.01
M99,Quarter-Finals,brazil vs england,brazil 3 - 6 england,0.01
M99,Quarter-Finals,brazil vs england,brazil 1 - 6 england,0.01
M99,Quarter-Finals,brazil vs england,brazil 4 - 5 england,0.01
M99,Quarter-Finals,brazil vs england,brazil 5 - 5 england,0.0
M99,Quarter-Finals,brazil vs england,brazil 0 - 7 england,0.0
M99,Quarter-Finals,brazil vs england,brazil 7 - 3 england,0.0
M99,Quarter-Finals,brazil vs england,brazil 3 - 7 england,0.0
M100,Quarter-Finals,argentina vs colombia,argentina 0 - 0 colombia,22.16
M100,Quarter-Finals,argentina vs colombia,argentina 1 - 1 colombia,18.26
M100,Quarter-Finals,argentina vs colombia,argentina 1 - 0 colombia,13.12
M100,Quarter-Finals,argentina vs colombia,argentina 0 - 1 colombia,9.01
M100,Quarter-Finals,argentina vs colombia,argentina 2 - 0 colombia,7.12
M100,Quarter-Finals,argentina vs colombia,argentina 2 - 1 colombia,5.91
M100,Quarter-Finals,argentina vs colombia,argentina 2 - 2 colombia,4.03
M100,Quarter-Finals,argentina vs colombia,argentina 0 - 2 colombia,3.94
M100,Quarter-Finals,argentina vs colombia,argentina 1 - 2 colombia,3.94
M100,Quarter-Finals,argentina vs colombia,argentina 3 - 0 colombia,2.81
M100,Quarter-Finals,argentina vs colombia,argentina 3 - 1 colombia,2.15
M100,Quarter-Finals,argentina vs colombia,argentina 1 - 3 colombia,1.15
M100,Quarter-Finals,argentina vs colombia,argentina 0 - 3 colombia,1.05
M100,Quarter-Finals,argentina vs colombia,argentina 3 - 2 colombia,0.95
M100,Quarter-Finals,argentina vs colombia,argentina 4 - 0 colombia,0.78
M100,Quarter-Finals,argentina vs colombia,argentina 4 - 1 colombia,0.66
M100,Quarter-Finals,argentina vs colombia,argentina 2 - 3 colombia,0.64
M100,Quarter-Finals,argentina vs colombia,argentina 3 - 3 colombia,0.42
M100,Quarter-Finals,argentina vs colombia,argentina 1 - 4 colombia,0.3
M100,Quarter-Finals,argentina vs colombia,argentina 4 - 2 colombia,0.26
M100,Quarter-Finals,argentina vs colombia,argentina 0 - 4 colombia,0.24
M100,Quarter-Finals,argentina vs colombia,argentina 5 - 0 colombia,0.21
M100,Quarter-Finals,argentina vs colombia,argentina 5 - 1 colombia,0.17
M100,Quarter-Finals,argentina vs colombia,argentina 2 - 4 colombia,0.12
M100,Quarter-Finals,argentina vs colombia,argentina 1 - 5 colombia,0.07
M100,Quarter-Finals,argentina vs colombia,argentina 5 - 2 colombia,0.07
M100,Quarter-Finals,argentina vs colombia,argentina 4 - 3 colombia,0.07
M100,Quarter-Finals,argentina vs colombia,argentina 0 - 5 colombia,0.06
M100,Quarter-Finals,argentina vs colombia,argentina 6 - 0 colombia,0.05
M100,Quarter-Finals,argentina vs colombia,argentina 3 - 4 colombia,0.05
M100,Quarter-Finals,argentina vs colombia,argentina 4 - 4 colombia,0.04
M100,Quarter-Finals,argentina vs colombia,argentina 6 - 1 colombia,0.03
M100,Quarter-Finals,argentina vs colombia,argentina 2 - 5 colombia,0.03
M100,Quarter-Finals,argentina vs colombia,argentina 6 - 2 colombia,0.03
M100,Quarter-Finals,argentina vs colombia,argentina 5 - 3 colombia,0.02
M100,Quarter-Finals,argentina vs colombia,argentina 3 - 5 colombia,0.02
M100,Quarter-Finals,argentina vs colombia,argentina 0 - 6 colombia,0.01
M100,Quarter-Finals,argentina vs colombia,argentina 7 - 0 colombia,0.01
M100,Quarter-Finals,argentina vs colombia,argentina 5 - 5 colombia,0.01
M100,Quarter-Finals,argentina vs colombia,argentina 6 - 3 colombia,0.01
M100,Quarter-Finals,argentina vs colombia,argentina 5 - 4 colombia,0.01
M100,Quarter-Finals,argentina vs colombia,argentina 1 - 6 colombia,0.01
M100,Quarter-Finals,argentina vs colombia,argentina 2 - 6 colombia,0.0
M100,Quarter-Finals,argentina vs colombia,argentina 7 - 1 colombia,0.0
M100,Quarter-Finals,argentina vs colombia,argentina 4 - 5 colombia,0.0
M100,Quarter-Finals,argentina vs colombia,argentina 5 - 6 colombia,0.0
M100,Quarter-Finals,argentina vs colombia,argentina 2 - 7 colombia,0.0
M101,Semi-Finals,france vs spain,france 1 - 1 spain,17.55
M101,Semi-Finals,france vs spain,france 0 - 0 spain,15.54
M101,Semi-Finals,france vs spain,france 0 - 1 spain,10.14
M101,Semi-Finals,france vs spain,france 1 - 0 spain,9.69
M101,Semi-Finals,france vs spain,france 1 - 2 spain,6.1
M101,Semi-Finals,france vs spain,france 2 - 1 spain,5.8
M101,Semi-Finals,france vs spain,france 2 - 0 spain,5.55
M101,Semi-Finals,france vs spain,france 0 - 2 spain,5.55
M101,Semi-Finals,france vs spain,france 2 - 2 spain,5.49
M101,Semi-Finals,france vs spain,france 1 - 3 spain,2.42
M101,Semi-Finals,france vs spain,france 3 - 1 spain,2.34
M101,Semi-Finals,france vs spain,france 3 - 0 spain,2.33
M101,Semi-Finals,france vs spain,france 0 - 3 spain,2.17
M101,Semi-Finals,france vs spain,france 3 - 2 spain,1.45
M101,Semi-Finals,france vs spain,france 2 - 3 spain,1.44
M101,Semi-Finals,france vs spain,france 3 - 3 spain,0.87
M101,Semi-Finals,france vs spain,france 1 - 4 spain,0.84
M101,Semi-Finals,france vs spain,france 4 - 1 spain,0.77
M101,Semi-Finals,france vs spain,france 0 - 4 spain,0.65
M101,Semi-Finals,france vs spain,france 4 - 0 spain,0.64
M101,Semi-Finals,france vs spain,france 2 - 4 spain,0.39
M101,Semi-Finals,france vs spain,france 4 - 2 spain,0.39
M101,Semi-Finals,france vs spain,france 0 - 5 spain,0.21
M101,Semi-Finals,france vs spain,france 1 - 5 spain,0.21
M101,Semi-Finals,france vs spain,france 3 - 4 spain,0.21
M101,Semi-Finals,france vs spain,france 5 - 1 spain,0.2
M101,Semi-Finals,france vs spain,france 5 - 0 spain,0.17
M101,Semi-Finals,france vs spain,france 4 - 3 spain,0.14
M101,Semi-Finals,france vs spain,france 5 - 2 spain,0.12
M101,Semi-Finals,france vs spain,france 2 - 5 spain,0.11
M101,Semi-Finals,france vs spain,france 6 - 1 spain,0.07
M101,Semi-Finals,france vs spain,france 4 - 4 spain,0.06
M101,Semi-Finals,france vs spain,france 5 - 3 spain,0.05
M101,Semi-Finals,france vs spain,france 6 - 0 spain,0.05
M101,Semi-Finals,france vs spain,france 3 - 5 spain,0.04
M101,Semi-Finals,france vs spain,france 0 - 6 spain,0.04
M101,Semi-Finals,france vs spain,france 1 - 6 spain,0.03
M101,Semi-Finals,france vs spain,france 2 - 6 spain,0.02
M101,Semi-Finals,france vs spain,france 0 - 7 spain,0.02
M101,Semi-Finals,france vs spain,france 7 - 0 spain,0.02
M101,Semi-Finals,france vs spain,france 6 - 3 spain,0.02
M101,Semi-Finals,france vs spain,france 6 - 2 spain,0.02
M101,Semi-Finals,france vs spain,france 5 - 4 spain,0.02
M101,Semi-Finals,france vs spain,france 5 - 5 spain,0.01
M101,Semi-Finals,france vs spain,france 4 - 6 spain,0.01
M101,Semi-Finals,france vs spain,france 7 - 3 spain,0.01
M101,Semi-Finals,france vs spain,france 1 - 7 spain,0.01
M101,Semi-Finals,france vs spain,france 7 - 1 spain,0.01
M101,Semi-Finals,france vs spain,france 4 - 5 spain,0.01
M101,Semi-Finals,france vs spain,france 6 - 6 spain,0.0
M101,Semi-Finals,france vs spain,france 7 - 2 spain,0.0
M101,Semi-Finals,france vs spain,france 2 - 7 spain,0.0
M101,Semi-Finals,france vs spain,france 3 - 6 spain,0.0
M102,Semi-Finals,argentina vs brazil,argentina 0 - 1 brazil,16.49
M102,Semi-Finals,argentina vs brazil,argentina 1 - 0 brazil,11.72
M102,Semi-Finals,argentina vs brazil,argentina 0 - 0 brazil,10.95
M102,Semi-Finals,argentina vs brazil,argentina 1 - 1 brazil,10.43
M102,Semi-Finals,argentina vs brazil,argentina 0 - 2 brazil,9.04
M102,Semi-Finals,argentina vs brazil,argentina 1 - 2 brazil,8.35
M102,Semi-Finals,argentina vs brazil,argentina 2 - 0 brazil,5.74
M102,Semi-Finals,argentina vs brazil,argentina 2 - 1 brazil,5.71
M102,Semi-Finals,argentina vs brazil,argentina 0 - 3 brazil,3.32
M102,Semi-Finals,argentina vs brazil,argentina 1 - 3 brazil,3.12
M102,Semi-Finals,argentina vs brazil,argentina 2 - 2 brazil,2.82
M102,Semi-Finals,argentina vs brazil,argentina 3 - 0 brazil,1.98
M102,Semi-Finals,argentina vs brazil,argentina 3 - 1 brazil,1.91
M102,Semi-Finals,argentina vs brazil,argentina 2 - 3 brazil,1.51
M102,Semi-Finals,argentina vs brazil,argentina 3 - 2 brazil,1.07
M102,Semi-Finals,argentina vs brazil,argentina 0 - 4 brazil,1.06
M102,Semi-Finals,argentina vs brazil,argentina 1 - 4 brazil,0.99
M102,Semi-Finals,argentina vs brazil,argentina 4 - 0 brazil,0.56
M102,Semi-Finals,argentina vs brazil,argentina 2 - 4 brazil,0.52
M102,Semi-Finals,argentina vs brazil,argentina 4 - 1 brazil,0.45
M102,Semi-Finals,argentina vs brazil,argentina 4 - 2 brazil,0.33
M102,Semi-Finals,argentina vs brazil,argentina 3 - 3 brazil,0.32
M102,Semi-Finals,argentina vs brazil,argentina 0 - 5 brazil,0.25
M102,Semi-Finals,argentina vs brazil,argentina 1 - 5 brazil,0.24
M102,Semi-Finals,argentina vs brazil,argentina 3 - 4 brazil,0.2
M102,Semi-Finals,argentina vs brazil,argentina 5 - 0 brazil,0.15
M102,Semi-Finals,argentina vs brazil,argentina 4 - 3 brazil,0.13
M102,Semi-Finals,argentina vs brazil,argentina 2 - 5 brazil,0.13
M102,Semi-Finals,argentina vs brazil,argentina 5 - 1 brazil,0.11
M102,Semi-Finals,argentina vs brazil,argentina 5 - 2 brazil,0.08
M102,Semi-Finals,argentina vs brazil,argentina 0 - 6 brazil,0.04
M102,Semi-Finals,argentina vs brazil,argentina 3 - 5 brazil,0.04
M102,Semi-Finals,argentina vs brazil,argentina 4 - 4 brazil,0.03
M102,Semi-Finals,argentina vs brazil,argentina 6 - 1 brazil,0.03
M102,Semi-Finals,argentina vs brazil,argentina 6 - 0 brazil,0.03
M102,Semi-Finals,argentina vs brazil,argentina 5 - 3 brazil,0.02
M102,Semi-Finals,argentina vs brazil,argentina 0 - 7 brazil,0.02
M102,Semi-Finals,argentina vs brazil,argentina 1 - 6 brazil,0.02
M102,Semi-Finals,argentina vs brazil,argentina 6 - 2 brazil,0.02
M102,Semi-Finals,argentina vs brazil,argentina 2 - 6 brazil,0.02
M102,Semi-Finals,argentina vs brazil,argentina 7 - 1 brazil,0.01
M102,Semi-Finals,argentina vs brazil,argentina 1 - 7 brazil,0.01
M102,Semi-Finals,argentina vs brazil,argentina 4 - 5 brazil,0.01
M102,Semi-Finals,argentina vs brazil,argentina 7 - 0 brazil,0.01
M102,Semi-Finals,argentina vs brazil,argentina 3 - 6 brazil,0.01
M102,Semi-Finals,argentina vs brazil,argentina 4 - 7 brazil,0.0
M102,Semi-Finals,argentina vs brazil,argentina 6 - 4 brazil,0.0
M102,Semi-Finals,argentina vs brazil,argentina 6 - 3 brazil,0.0
M102,Semi-Finals,argentina vs brazil,argentina 3 - 7 brazil,0.0
M102,Semi-Finals,argentina vs brazil,argentina 5 - 5 brazil,0.0
M102,Semi-Finals,argentina vs brazil,argentina 7 - 2 brazil,0.0
M103,Third Place Playoff,argentina vs france,argentina 0 - 1 france,18.4
M103,Third Place Playoff,argentina vs france,argentina 1 - 1 france,12.94
M103,Third Place Playoff,argentina vs france,argentina 0 - 0 france,12.7
M103,Third Place Playoff,argentina vs france,argentina 1 - 0 france,9.86
M103,Third Place Playoff,argentina vs france,argentina 0 - 2 france,9.53
M103,Third Place Playoff,argentina vs france,argentina 1 - 2 france,8.19
M103,Third Place Playoff,argentina vs france,argentina 2 - 0 france,4.64
M103,Third Place Playoff,argentina vs france,argentina 2 - 1 france,4.54
M103,Third Place Playoff,argentina vs france,argentina 0 - 3 france,3.43
M103,Third Place Playoff,argentina vs france,argentina 2 - 2 france,3.23
M103,Third Place Playoff,argentina vs france,argentina 1 - 3 france,2.89
M103,Third Place Playoff,argentina vs france,argentina 3 - 1 france,1.6
M103,Third Place Playoff,argentina vs france,argentina 2 - 3 france,1.5
M103,Third Place Playoff,argentina vs france,argentina 3 - 0 france,1.29
M103,Third Place Playoff,argentina vs france,argentina 1 - 4 france,0.9
M103,Third Place Playoff,argentina vs france,argentina 3 - 2 france,0.86
M103,Third Place Playoff,argentina vs france,argentina 0 - 4 france,0.81
M103,Third Place Playoff,argentina vs france,argentina 4 - 0 france,0.48
M103,Third Place Playoff,argentina vs france,argentina 2 - 4 france,0.42
M103,Third Place Playoff,argentina vs france,argentina 3 - 3 france,0.41
M103,Third Place Playoff,argentina vs france,argentina 4 - 1 france,0.39
M103,Third Place Playoff,argentina vs france,argentina 1 - 5 france,0.17
M103,Third Place Playoff,argentina vs france,argentina 4 - 2 france,0.13
M103,Third Place Playoff,argentina vs france,argentina 3 - 4 france,0.13
M103,Third Place Playoff,argentina vs france,argentina 0 - 5 france,0.13
M103,Third Place Playoff,argentina vs france,argentina 5 - 1 france,0.1
M103,Third Place Playoff,argentina vs france,argentina 3 - 5 france,0.04
M103,Third Place Playoff,argentina vs france,argentina 2 - 5 france,0.04
M103,Third Place Playoff,argentina vs france,argentina 4 - 3 france,0.03
M103,Third Place Playoff,argentina vs france,argentina 1 - 6 france,0.03
M103,Third Place Playoff,argentina vs france,argentina 5 - 4 france,0.03
M103,Third Place Playoff,argentina vs france,argentina 5 - 0 france,0.03
M103,Third Place Playoff,argentina vs france,argentina 5 - 2 france,0.03
M103,Third Place Playoff,argentina vs france,argentina 1 - 7 france,0.03
M103,Third Place Playoff,argentina vs france,argentina 4 - 5 france,0.01
M103,Third Place Playoff,argentina vs france,argentina 2 - 6 france,0.01
M103,Third Place Playoff,argentina vs france,argentina 4 - 6 france,0.01
M103,Third Place Playoff,argentina vs france,argentina 0 - 6 france,0.01
M104,Final,brazil vs spain,brazil 0 - 1 spain,14.68
M104,Final,brazil vs spain,brazil 1 - 1 spain,12.39
M104,Final,brazil vs spain,brazil 1 - 2 spain,10.67
M104,Final,brazil vs spain,brazil 0 - 0 spain,9.06
M104,Final,brazil vs spain,brazil 0 - 2 spain,9.01
M104,Final,brazil vs spain,brazil 1 - 0 spain,7.28
M104,Final,brazil vs spain,brazil 2 - 1 spain,4.84
M104,Final,brazil vs spain,brazil 2 - 2 spain,4.4
M104,Final,brazil vs spain,brazil 1 - 3 spain,4.21
M104,Final,brazil vs spain,brazil 2 - 0 spain,4.21
M104,Final,brazil vs spain,brazil 0 - 3 spain,3.73
M104,Final,brazil vs spain,brazil 2 - 3 spain,2.47
M104,Final,brazil vs spain,brazil 3 - 1 spain,2.06
M104,Final,brazil vs spain,brazil 3 - 0 spain,1.68
M104,Final,brazil vs spain,brazil 1 - 4 spain,1.38
M104,Final,brazil vs spain,brazil 3 - 2 spain,1.23
M104,Final,brazil vs spain,brazil 0 - 4 spain,1.13
M104,Final,brazil vs spain,brazil 2 - 4 spain,0.76
M104,Final,brazil vs spain,brazil 3 - 3 spain,0.73
M104,Final,brazil vs spain,brazil 4 - 1 spain,0.63
M104,Final,brazil vs spain,brazil 4 - 0 spain,0.55
M104,Final,brazil vs spain,brazil 1 - 5 spain,0.47
M104,Final,brazil vs spain,brazil 4 - 2 spain,0.41
M104,Final,brazil vs spain,brazil 0 - 5 spain,0.38
M104,Final,brazil vs spain,brazil 3 - 4 spain,0.26
M104,Final,brazil vs spain,brazil 2 - 5 spain,0.21
M104,Final,brazil vs spain,brazil 4 - 3 spain,0.2
M104,Final,brazil vs spain,brazil 5 - 0 spain,0.2
M104,Final,brazil vs spain,brazil 5 - 1 spain,0.15
M104,Final,brazil vs spain,brazil 1 - 6 spain,0.09
M104,Final,brazil vs spain,brazil 0 - 6 spain,0.09
M104,Final,brazil vs spain,brazil 3 - 5 spain,0.08
M104,Final,brazil vs spain,brazil 5 - 3 spain,0.07
M104,Final,brazil vs spain,brazil 4 - 4 spain,0.07
M104,Final,brazil vs spain,brazil 5 - 2 spain,0.06
M104,Final,brazil vs spain,brazil 4 - 5 spain,0.03
M104,Final,brazil vs spain,brazil 6 - 1 spain,0.02
M104,Final,brazil vs spain,brazil 6 - 2 spain,0.02
M104,Final,brazil vs spain,brazil 2 - 6 spain,0.02
M104,Final,brazil vs spain,brazil 6 - 3 spain,0.01
M104,Final,brazil vs spain,brazil 5 - 4 spain,0.01
M104,Final,brazil vs spain,brazil 3 - 6 spain,0.01
M104,Final,brazil vs spain,brazil 6 - 4 spain,0.01
M104,Final,brazil vs spain,brazil 7 - 2 spain,0.01
M104,Final,brazil vs spain,brazil 7 - 1 spain,0.01
M104,Final,brazil vs spain,brazil 0 - 7 spain,0.01
M104,Final,brazil vs spain,brazil 2 - 7 spain,0.01
M104,Final,brazil vs spain,brazil 1 - 7 spain,0.01
M104,Final,brazil vs spain,brazil 6 - 0 spain,0.01
